,AD,Full-flowering date (DOY),Full-flowering date,Source code,Data type code,Reference Name,trendline_degree1,trendline_degree2,trendline_degree3,trendline_degree4
11,812,92,401,1,2,NIHON-KOKI,105.57416228341648,99.92223590914793,105.30074513525476,95.96026896728432
14,815,105,415,1,2,NIHON-KOKI,105.56962157670011,99.98096557164385,105.24241742562828,96.23538523872315
30,831,96,406,1,2,NIHON-KOKI,105.54540447421283,100.28945241156629,104.94778071081011,97.61288751354465
50,851,108,418,1,2,MONTOKUTENNO-JITSUROKU,105.51513309610374,100.66383931923184,104.6174267138538,99.13266021987846
52,853,104,414,1,2,MONTOKUTENNO-JITSUROKU,105.51210595829282,100.70059224297279,104.58665012145644,99.27290312151041
63,864,100,409,1,2,NIPPON-SANDAI-JITSUROKU,105.49545670033281,100.90050458071465,104.42455102827971,100.00780447116716
65,866,106,416,1,2,NIPPON-SANDAI-JITSUROKU,105.4924295625219,100.93644705251621,104.39636853235571,100.1349368551434
68,869,95,405,5,2,KANKE-BUNSOU,105.48788885580554,100.99012697600527,104.35483046464662,100.32197796341092
88,889,104,414,5,2,NIPPON-SANDAI-JITSUROKU,105.45761747769645,101.34082375005842,104.10005900423499,101.46073649825559
90,891,109,419,5,4,NIHONKIRYAKU,105.45459033988553,101.37520766043811,104.07666107301641,101.56464033274034
91,892,108,417,5,3,FUSHIMIIN-GOKIROKKU,105.45307677098008,101.3923528587853,104.06510140158346,101.61593562110414
93,894,106,416,5,2,KANKE-BUNSOU,105.45004963316916,101.42654974179436,104.04225957295256,101.7172229395349
94,895,104,414,5,4,NIHONKIRYAKU,105.4485360642637,101.44360142645624,104.03097698610753,101.7672189575839
95,896,104,413,5,4,NIPPON-SANDAI-JITSUROKU,105.44702249535825,101.46062193988968,104.01978633114474,101.8167858669546
101,902,102,412,5,8,EST-from-WF(NIHONGI-RYAKU),105.43794108192553,101.56209042469314,103.954560940777,102.10528687831476
107,908,98,407,5,8,EST-from-WF(KIMITADA-SHU),105.42885966849279,101.66243674527284,103.89259096263882,102.37883659759717
111,912,95,404,1,2,SHINGISHIKI,105.42280539287097,101.72871086775723,103.85306329171937,102.55310467056648
112,913,110,420,5,2,SHUI-WAKASHU,105.42129182396552,101.74520147030724,103.84340261075367,102.59567709828667
116,917,95,405,1,2,KINHISHO,105.4152375483437,101.81085216822288,103.80563838924151,102.7620459654907
122,923,104,414,5,4,ZOKU-KOKIN-WAKASHU,105.40615613491097,101.90839307824322,103.75160393343626,103.00004601336781
125,926,98,408,1,2,NIHONKIRYAKU,105.4016154281946,101.95674272166949,103.72574948276514,103.11395756592464
129,930,97,407,5,8,EST-from-WF(SHIRYO-SORAN),105.39556115257278,102.02077251570637,103.69246969229738,103.26067627317599
132,933,106,416,5,8,EST-from-WF(SHIRYO-SORAN),105.39102044585641,102.06846756333546,103.66839693844312,103.36690775216965
140,941,109,419,1,2,NIHONKIRYAKU,105.37891189461278,102.19428282296175,103.60787299230624,103.6346407350199
148,949,107,417,1,2,NIHONKIRYAKU,105.36680334336914,102.31810312396806,103.55260024614398,103.88049021630519
149,950,95,405,4,2,DAINIHON-SHIRYO,105.36528977446368,102.33344039106588,103.54605489987176,103.90972852374608
154,955,89,330,5,4,SHUISHO,105.3577219299364,102.40965915812842,103.5145256208567,104.05106802925133
156,957,112,422,1,2,NIHONKIRYAKU,105.3546947921255,102.43992846635437,103.50246871030619,104.10537238356159
157,958,109,419,1,2,NIHONKIRYAKU,105.35318122322005,102.4550163636247,103.49655828167724,104.13205339367045
158,959,97,407,3,2,KYUREKI,105.35166765431458,102.47007308966658,103.49072625104779,104.15842261406709
159,960,101,410,3,2,KYUREKI,105.35015408540913,102.48509864448002,103.48497240359433,104.18448178107195
160,961,87,328,1,2,NIHONKIRYAKU,105.34864051650368,102.50009302806504,103.47929652449328,104.21023262707291
162,963,94,404,1,2,NIHONKIRYAKU,105.34561337869276,102.52998828154973,103.46817781205431,104.26081626594254
164,965,104,414,1,2,NIHONKIRYAKU,105.34258624088186,102.55975885012069,103.45736839514265,104.31018731109617
165,966,98,408,1,2,NIHONKIRYAKU,105.3410726719764,102.57459737756352,103.45207913545072,104.33442240020025
166,967,103,413,1,2,NIHONKIRYAKU,105.33955910307094,102.5894047337779,103.44686655516998,104.35835948001244
168,969,98,408,5,4,NIHONKIRYAKU,105.33653196526004,102.61892593252136,103.43667057354806,104.4053464272277
171,972,107,416,5,8,EST-from-WF(SHIRYO-SORAN),105.33199125854367,102.66297394642325,103.42194632611087,104.47363427176168
173,974,108,418,1,2,NIHONKIRYAKU,105.32896412073276,102.69218343288233,103.412507471542,104.51771749026062
174,975,101,411,5,2,NIHONKIRYAKU,105.32745055182731,102.70674141926922,103.40790059290373,104.53933153989334
176,977,112,422,2,2,FUSO-RYAKKI,105.3244234140164,102.73576387835767,103.39891085880184,104.58171288681905
178,979,104,414,4,3,DAINIHON-SHIRYO,105.32139627620549,102.7646616525324,103.39021839010925,104.62297634058956
184,985,94,404,4,2,SHOYUKI,105.31231486277275,102.85060686557401,103.36590739060443,104.7401917970829
188,989,100,410,4,2,SHOYUKI,105.30626058715093,102.90728024969968,103.35115487719585,104.8129877000178
190,991,104,414,7,1,EIGA-MONOGATARI(MIHATENUYUME),105.30323344934003,102.93542991439189,103.34420991060513,104.84782040640624
199,1000,105,415,3,2,MIDO-KAMPAKUKI,105.28961132919093,103.06056042969918,103.3164625355584,104.99205216608954
203,1004,117,426,3,2,MIDO-KAMPAKUKI,105.28355705356911,103.11536354011861,103.30594343857707,105.04978795895084
205,1006,100,410,1,2,NIHONKIRYAKU,105.2805299157582,103.14257806795769,103.30109584608172,105.07723366132944
206,1007,106,416,5,4,MIDO-KAMPAKUKI,105.27901634685274,103.15613857503459,103.29877428695053,105.09060641121556
213,1014,115,425,5,2,DAI-SAIIN-GYOSHU,105.26842136451455,103.25018933017655,103.2844117490094,105.17782440993557
215,1016,111,420,2,2,MIDO-KAMPAKUKI,105.26539422670365,103.27678043344689,103.28090870002715,105.20073543088762
216,1017,99,409,3,2,MIDO-KAMPAKUKI,105.2638806577982,103.2900292282394,103.27925619029945,105.21186380660669
217,1018,113,423,2,2,MIDO-KAMPAKUKI,105.26236708889274,103.30324685180348,103.27766940398264,105.22277610467285
218,1019,98,408,4,2,SHOYUKI,105.26085351998728,103.31643330413912,103.27614812625322,105.23347382930757
228,1029,116,426,1,2,REKIDAI-HENNEN-SHUSEI,105.24571783093273,103.44658340993145,103.26449106008648,105.328977652927
230,1031,97,407,4,2,SHOYUKI,105.24269069312183,103.47223937634867,103.262924267548,105.34565196414036
231,1032,111,420,5,2,NIHONKIRYAKU,105.24117712421636,103.48502060271463,103.26223505251265,105.3536953284019
232,1033,102,412,5,4,NIHONKIRYAKU,105.23966355531091,103.49777065785213,103.26160833853517,105.36154476527435
233,1034,96,406,5,8,EST-from-WF(EIGA-MONOGATARI),105.23814998640546,103.51048954176122,103.26104391079204,105.36920171997082
235,1036,104,413,5,4,NIHONKIRYAKU,105.23512284859454,103.53583379589406,103.26010105471461,105.38394394401763
240,1041,103,413,1,2,FUSO-RYAKKI,105.22755500406727,103.59864893472852,103.25881888597446,105.41753147369292
245,1046,103,413,7,1,EIGA-MONOGATARI(NEAWASE),105.21998715954,103.66068479285202,103.25905090838565,105.44659225438255
247,1048,112,421,6,3,IETSUNE-ASON-SHU,105.2169600217291,103.68528093750237,103.25956167581347,105.45698841388122
249,1050,105,415,7,2,EIGA-MONOGATARI(NEAWASE),105.21393288391818,103.70975239723897,103.26030869876655,105.46669946525759
259,1060,108,417,5,4,SHIN-SENZAI-WAKASHU,105.19879719486363,103.8302394222157,103.26752749582016,105.50536238240073
260,1061,92,402,6,4,MOROZANE-SHU,105.19728362595818,103.84211668295697,103.26856359310767,105.50835423443976
265,1066,105,415,3,2,SUISAKI,105.18971578143089,103.90103541823675,103.27458385070474,105.5210358576723
270,1071,113,423,7,2,SHUGAKKAIKI,105.18214793690362,103.95917487280559,103.28198403474345,105.53004235774523
272,1073,103,413,7,2,EIGA-MONOGATARI(MATSUNO-SHIDUE),105.17912079909271,103.98221245603406,103.28532447270358,105.53265250650242
279,1080,102,411,3,2,SUISAKI,105.16852581675452,104.06186210363795,103.29869606605533,105.53751131146265
282,1083,96,406,3,1,GONIJO-MOROMICHIKI,105.16398511003815,104.09553009847019,103.30521388831356,105.53763339346136
283,1084,120,429,5,4,ZOKU-GOSEN-WAKASHU,105.1624715411327,104.1066904209574,103.30748987227949,105.53742194698617
287,1088,104,413,3,2,GONIJO-MOROMICHIKI,105.15641726551088,104.15101999862186,103.3171049622481,105.53534862140515
289,1090,105,415,3,2,GONIJO-MOROMICHIKI,105.15339012769998,104.17299776008346,103.32221619216584,105.53359270753532
292,1093,105,415,3,2,GONIJO-MOROMICHIKI,105.14884942098361,104.20573061806259,103.33025780967971,105.53008731134088
294,1095,100,410,5,4,CHUYUKI,105.1458222831727,104.22739666723982,103.33586623017254,105.52718351660764
295,1096,96,405,3,2,GONIJO-MOROMICHIKI,105.14430871426724,104.23818293498577,103.33874399859343,105.52556517579654
297,1098,100,410,4,2,CHUYUKI,105.14128157645634,104.25966195679239,103.34464557766648,105.52200159417515
298,1099,103,413,3,1,GONIJO-MOROMICHIKI,105.13976800755088,104.27035471085303,103.34766895867155,105.52005873631839
301,1102,104,414,4,3,CHUYUKI,105.13522730083452,104.30224594566434,103.35702688967862,105.51360010967556
303,1104,108,417,4,2,DENRYAKU,105.13220016302361,104.3233509127297,103.36350318544115,105.50878108160208
304,1105,114,424,1,2,CHUYUKI,105.13068659411815,104.33385663941972,103.36681199137917,105.50622109399325
306,1107,105,415,3,2,CHUYUKI,105.12765945630724,104.35477457911445,103.37356984525098,105.50080598149583
310,1111,113,423,3,2,EISHOKI,105.12160518068542,104.39623640376266,103.38764050591887,105.48882749478224
311,1112,104,413,5,1,CHUYUKI,105.12009161177997,104.40652393185363,103.39127253314109,105.48560033255882
313,1114,100,410,4,2,DENRYAKU,105.11706447396905,104.42700547435024,103.39867231828711,105.47887491427531
316,1117,109,419,4,2,DENRYAKU,105.11252376725268,104.45749400388186,103.41010810040697,105.46812595077398
317,1118,102,412,3,2,MISSHU-KETSUMYAKUSHO,105.11101019834723,104.4675945046022,103.41400879632636,105.46437121872003
319,1120,104,413,3,2,DAIGO-ZOJIKI,105.10798306053633,104.48770199235756,103.42194205204304,105.45661080917529
322,1123,112,422,3,2,DAIGO-ZOJIKI,105.10344235381996,104.51762943977732,103.43416837295985,105.4443593757324
323,1124,98,407,3,2,DAIGO-ZOJIKI,105.1019287849145,104.52754291312704,103.4383300039291,105.4401170638044
324,1125,111,421,4,2,DAIGOJI-ZATSUYO,105.10041521600905,104.5374252152483,103.44253437219095,105.43579731681251
325,1126,108,418,4,2,DAIGOJI-ZATSUYO,105.09890164710359,104.54727634614113,103.4467812629219,105.43140121805135
326,1127,107,417,3,2,DAIGO-ZOJIKI,105.09738807819814,104.55709630580554,103.45107046129839,105.42692984688262
327,1128,111,420,3,2,DAIGO-ZOJIKI,105.09587450929268,104.5668850942415,103.45540175249684,105.42238427873241
328,1129,106,416,3,2,DAIGO-ZOJIKI,105.09436094038723,104.57664271144903,103.45977492169378,105.41776558509463
329,1130,103,413,3,2,DAIGO-ZOJIKI,105.09284737148177,104.58636915742811,103.46418975406564,105.41307483352836
330,1131,103,413,4,2,DAIGOJI-ZATSUYO,105.09133380257632,104.59606443217876,103.4686460347889,105.40831308765888
333,1134,106,416,4,2,DAIGOJI-ZATSUYO,105.08679309585996,104.62496322906009,103.48226141883165,105.39361246147763
338,1139,113,423,4,2,DAIGOJI-ZATSUYO,105.07922525133267,104.6725044659602,103.5057626424008,105.36778966265553
339,1140,103,412,3,2,DAIGO-ZOJIKI,105.07771168242722,104.68191919965491,103.5105822912275,105.36243618210943
340,1141,111,421,4,2,DAIGOJI-ZATSUYO,105.07619811352177,104.6913027621212,103.51544124017022,105.35702212714949
342,1143,110,420,4,2,DAIGOJI-ZATSUYO,105.07317097571085,104.70997637336843,103.52527617910962,105.34601637146699
344,1145,107,417,5,2,TAIKI,105.07014383789995,104.72852529970191,103.53526574063078,105.33478051122171
350,1151,109,419,7,8,EST-from-WF(HONCHO-SEIKI),105.06106242446722,104.78342396921988,103.5661449748017,105.29977251511644
353,1154,96,406,5,2,TAIKI,105.05652171775085,104.81045249239497,103.58208614227638,105.28158603173023
355,1156,90,330,2,2,,105.05349457993994,104.82831565170284,103.59289540823144,105.26922685025585
358,1159,103,413,4,2,DAIGOJI-ZATSUYO,105.04895387322358,104.85487660645136,103.60937774215117,105.25035505544128
360,1161,112,422,4,2,DAIGOJI-ZATSUYO,105.04592673541266,104.87242805347483,103.62054241514791,105.23756296772041
362,1163,112,422,4,2,DAIGOJI-ZATSUYO,105.04289959760176,104.88985481558458,103.63184624343177,105.22461098355876
363,1164,100,409,4,2,DAIGOJI-ZATSUYO,105.04138602869631,104.8985214397968,103.63754980374756,105.21807737220576
364,1165,106,416,4,2,DAIGOJI-ZATSUYO,105.03987245979084,104.90715689278058,103.64328750841453,105.21150658914638
365,1166,95,405,4,2,DAIGOJI-ZATSUYO,105.03835889088539,104.91576117453592,103.64905914260915,105.20489956032105
366,1167,111,421,4,2,DAIGOJI-ZATSUYO,105.03684532197994,104.92433428506283,103.65486449150788,105.19825720773343
368,1169,112,422,4,2,DAIGOJI-ZATSUYO,105.03381818416902,104.94138699243132,103.66657547412355,105.18487019962532
369,1170,113,423,4,2,DAIGOJI-ZATSUYO,105.03230461526357,104.9498665892729,103.67248067819341,105.17812736844513
371,1172,103,412,4,2,DAIGOJI-ZATSUYO,105.02927747745267,104.96673226927078,103.68438943773951,105.16454758318179
372,1173,117,427,4,2,DAIGOJI-ZATSUYO,105.0277639085472,104.97511835242705,103.6903925635687,105.15771242983664
373,1174,112,422,4,2,DAIGOJI-ZATSUYO,105.02625033964175,104.98347326435488,103.69642790033724,105.1508482966172
374,1175,113,423,4,2,DAIGOJI-ZATSUYO,105.0247367707363,104.9917970050543,103.70249523322161,105.14395607405771
375,1176,113,422,3,2,TAKAKURAIN-ANGEN-ONGAKI,105.02322320183085,105.00008957452526,103.70859434739826,105.13703664875828
378,1179,103,413,1,2,SANKAIKI,105.01868249511448,105.02478025556753,103.72708022944667,105.11612396341587
379,1180,98,407,5,1,MEIGETSUKI,105.01716892620902,105.03294814012474,103.73330432055717,105.1091045144812
381,1182,104,414,6,4,TSUKIMOUDE-WAKASHU(PART-3),105.0141417883981,105.04919039555386,103.74584440947845,105.09499799336794
382,1183,101,411,4,2,DAIGOJI-ZATSUYO,105.01262821949265,105.05726476642577,103.7521599776422,105.08791264324924
383,1184,115,424,5,1,GYOKUYO,105.0111146505872,105.06530796606924,103.75850560850992,105.08080704157129
384,1185,115,425,3,2,DAIGO-ZOJIKI,105.00960108168175,105.07331999448427,103.76488108725813,105.07368203953098
386,1187,104,414,4,2,SAKURAE-RUIJU,105.00657394387083,105.08925053762901,103.77772072910187,105.05937721947015
387,1188,107,416,3,2,SAKURAE-RUIJU,105.00506037496538,105.09716905235874,103.78418446255029,105.0521990841716
389,1190,112,422,5,4,SHUGYOKU-SHU,105.00203323715446,105.11291256813286,103.7971986803826,105.03779554033525
390,1191,106,416,3,2,GYOKUYO,105.00051966824901,105.12073756917727,103.80374873511946,105.0305717909153
393,1194,119,429,4,2,NAKASUKEOKI,104.99597896153266,105.14402554493985,103.82356810473013,105.0088225047395
398,1199,109,419,4,1,INOKUMA-KAMPAKUKI,104.98841111700537,105.18221541330875,103.85715151600317,104.97236227943569
399,1200,104,413,4,1,INOKUMA-KAMPAKUKI,104.98689754809992,105.18975987329722,103.86394893413427,104.96504574031673
400,1201,96,406,5,4,INOKUMA-KAMPAKUKI,104.98538397919447,105.19727316205726,103.87077276296925,104.95772288494703
401,1202,106,416,5,1,MEIGETSUKI,104.98387041028901,105.20475527958884,103.87762278768459,104.95039449764596
402,1203,105,415,3,2,(SHIRYO-SORAN),104.98235684138355,105.212206225892,103.8844987934568,104.94306135879873
403,1204,110,419,5,2,MEIGETSUKI,104.9808432724781,105.21962600096671,103.8914005654623,104.93572424485666
404,1205,105,415,5,2,MEIGETSUKI,104.97932970357265,105.22701460481301,103.89832788887756,104.9283839283359
406,1207,104,414,5,2,MEIGETSUKI,104.97630256576173,105.24169829882025,103.91225833064324,104.91369675796108
409,1210,112,422,3,2,ASUKAI-SHU,104.97176185904537,105.26349005561785,103.93334025827659,104.89166106979718
411,1212,98,407,5,2,GYOKUSOU,104.96873472123445,105.27786203734073,103.94751654708084,104.87697610584502
412,1213,107,417,3,2,SHIKIN-WAKASO,104.967221152329,105.2850012713595,103.95464054812693,104.86963750725607
413,1214,102,412,3,2,(SHIRYO-SORAN),104.96570758342355,105.29210933414984,103.96178816717097,104.86230248171915
414,1215,108,418,5,2,MICHIIEKO-MARINIKKI,104.9641940145181,105.29918622571175,103.96895918938941,104.85497176241341
415,1216,101,410,5,4,JUNTOKUIN-GYOSHU,104.96268044561263,105.30623194604522,103.97615339995875,104.84764607858273
418,1219,101,411,5,4,JUNTOKUIN-GYOSHU,104.95813973889628,105.32718207967501,103.99787301353662,104.82570647337735
419,1220,109,418,7,9,EST-from-KJ(NORIMUNE-SHU),104.95662616999081,105.33410311509473,104.00515782927411,104.81840814521405
420,1221,99,409,5,4,SHUI-GUSO,104.95511260108536,105.34099297928601,104.01246475924479,104.81111843973946
422,1223,116,426,5,4,MITSUTSUNE-SHU,104.95208546327446,105.35467919398326,104.02714410259156,104.79656771548747
424,1225,105,415,5,1,MEIGETSUKI,104.94905832546354,105.36824072376677,104.04190932498872,104.78205989854422
425,1226,106,416,5,2,MEIGETSUKI,104.94754475655809,105.37497473181587,104.04932360377234,104.77482381245278
426,1227,111,421,5,2,MEIGETSUKI,104.94603118765264,105.38167756863652,104.05675870784792,104.76760052388835
428,1229,97,407,5,2,MEIGETSUKI,104.94300404984172,105.39498972859252,104.07169053258096,104.75319506355851
429,1230,102,412,1,1,MEIGETSUKI,104.94149048093627,105.40159905172787,104.07918682359129,104.74601424406666
430,1231,101,411,4,1,MINKEIKI,104.93997691203082,105.40817720363478,104.08670308059948,104.73884892664881
431,1232,92,401,5,1,MINKEIKI,104.93846334312536,105.41472418431326,104.09423908878196,104.73169977760853
432,1233,105,415,5,2,MEIGETSUKI,104.9369497742199,105.4212399937633,104.10179463331522,104.7245674593126
434,1235,110,420,5,1,MEIGETSUKI,104.933922636409,105.43417809897804,104.1169634721399,104.71035594475978
435,1236,87,327,7,4,SHIIBA-WAKASHU,104.93240906750354,105.44060039474276,104.12457633678427,104.7032780535697
439,1240,106,415,5,2,SAMPOIN-MONJO,104.92635479188172,105.46597786551727,104.15521241769262,104.6751673049194
443,1244,108,417,4,2,HEIKOKI,104.9203005162599,105.49085659663679,104.18613358280078,104.64740828672467
444,1245,108,418,4,2,HEIKOKI,104.91878694735445,105.49699835134557,104.19390680730753,104.64052817015585
445,1246,98,408,5,1,MASUKAGAMI,104.91727337844898,105.50310893482592,104.20169677545908,104.63367313713496
446,1247,106,416,1,2,ZOKU-HONCHOTSUKAN,104.91575980954353,105.50918834707784,104.2095032724319,104.62684379495607
448,1249,108,418,3,2,BENN-NO-NAISHI-NIKKI,104.91273267173263,105.52125365789634,104.22516499354718,104.61326459262881
449,1250,116,426,3,1,BENN-NO-NAISHI-NIKKI,104.91121910282716,105.52723955646294,104.23301978804263,104.60651592739868
450,1251,100,410,3,1,BENN-NO-NAISHI-NIKKI,104.90970553392171,105.5331942838011,104.2408902520652,104.59979534284577
453,1254,110,420,4,2,SAKURAE-RUIJU,104.90516482720535,105.55087143844496,104.26459351306029,104.57980792982943
456,1257,94,404,3,2,TSUNETOSHI-KYOKI,104.90062412048898,105.56826805203288,104.2884300661523,104.56009416135288
458,1259,96,406,3,1,MASUKAGAMI,104.89759698267807,105.57970993828263,104.30439228839813,104.54711125962314
461,1262,97,407,7,9,EST-from-KJ(KUJOKE-REKISEI-KIROKU),104.89305627596171,105.596638983444,104.32843810557286,104.52788748531378
462,1263,120,430,1,2,ZOKU-HONCHOTSUKAN,104.89154270705625,105.6022196560409,104.33647984768523,104.52154857849524
463,1264,103,412,5,2,ZOKU-SHIGUSHO,104.8900291381508,105.60776915740938,104.34453446661875,104.51524508462597
464,1265,98,408,6,4,TAMEIE-SHU,104.88851556924534,105.61328748754941,104.35260174754993,104.50897754019053
466,1267,105,415,4,2,MISININ-KAMPAKUKI,104.88548843143442,105.62423063414418,104.36877343611101,104.4965524258842
467,1268,103,412,6,4,TAMEIE-SHU,104.88397486252897,105.6296554505989,104.3768774140939,104.4903959093113
468,1269,100,410,3,4,ZOKU-SHIGUSHO,104.88246129362352,105.6350490958252,104.38499319478024,104.48427744876807
470,1271,100,410,5,4,DAINAGON-TAMEIE-SHU,104.87943415581262,105.64574287259245,104.40125930496927,104.4721567590903
474,1275,107,417,7,3,TOWAZUGATARI,104.8733798801908,105.66675637138573,104.4339237055537,104.44839452833838
477,1278,113,423,1,2,ZOKU-SHIGUSHO(DAIGO),104.86883917347443,105.68218919758209,104.4585308967312,104.43100780133881
478,1279,101,411,3,2,KANCHUKI,104.86732560456898,105.687271130524,104.46675288915802,104.42529767677416
479,1280,102,411,5,2,HARUNO-MIYAMAJI,104.86581203566351,105.69232189223749,104.47498432122944,104.41963107682994
482,1283,103,413,3,2,(SHIRYO-SORAN),104.86127132894715,105.70728715000729,104.49973310707595,104.40289714046804
483,1284,102,411,3,1,NAKANOTSUKASA-NIKKI,104.8597577600417,105.71221322680701,104.50800014949044,104.39740933508239
484,1285,105,415,1,2,ZOKU-HONCHOTSUKAN,104.85824419113624,105.71710813237829,104.51627555743185,104.391967382686
485,1286,112,422,1,2,ZOKU-SHIGUSHO,104.85673062223078,105.72197186672115,104.52455911607663,104.38657173715029
486,1287,110,420,3,2,SANEMI-KYOKI,104.85521705332533,105.72680442983557,104.53285061060127,104.3812228484133
487,1288,108,417,3,2,NAKANOTSUKASA-NIKKI,104.85370348441988,105.73160582172153,104.54114982618223,104.37592116247885
488,1289,107,417,3,4,NAKANOTSUKASA-NIKKI,104.85218991551442,105.73637604237908,104.54945654799599,104.37066712141831
491,1292,107,416,4,2,SANEMI-KYOKI,104.84764920879806,105.75049967698106,104.57441960259852,104.35519522916655
493,1294,101,411,3,2,KANCHUKI,104.84462207098714,105.7597595772402,104.59109523173267,104.34512678629363
494,1295,102,412,4,2,(DAINIHON-SHIRYO),104.84310850208169,105.76434277052712,104.59944247964884,104.34016767764746
500,1301,95,405,4,4,SANEMI-KYOKI,104.83402708864897,105.79118733445142,104.64964450015094,104.3114904725773
501,1302,96,406,1,2,ZOKU-SHIGUSHO,104.8325135197435,105.79555232913927,104.65802925404913,104.30689425333384
506,1307,104,414,1,2,ZOKU-SHIGUSHO,104.82494567521623,105.81690973415198,104.70001620761857,104.28472207130227
510,1311,94,404,3,2,ENTAIRYAKU,104.8188913995944,105.83343457605028,104.73366870195628,104.26797735731617
511,1312,100,409,3,2,HANAZONOTENNO-SHINKI,104.81737783068895,105.83748785845376,104.7420887758282,104.26393211175895
513,1314,101,411,3,2,HANAZONOTENNO-SHINKI,104.81435069287805,105.84550090957539,104.75893576015233,104.2560131875378
514,1315,111,421,3,2,ZOKU-SHIGUSHO,104.81283712397259,105.84946067829355,104.76736224095744,104.25214019238518
515,1316,103,412,1,2,ZOKU-SHIGUSHO,104.81132355506713,105.85338927578329,104.77579042775986,104.24832529098973
516,1317,102,412,2,2,HANAZONOTENNO-SHINKI,104.80980998616168,105.85728670204458,104.78422010573605,104.24456881527288
518,1319,116,426,3,2,HANAZONOTENNO-SHINKI,104.80678284835076,105.86498804088185,104.80108307591576,104.23723244888839
520,1321,102,412,3,2,HANAZONOTENNO-SHINKI,104.80375571053986,105.87256469480538,104.81794943290815,104.2301336699233
521,1322,106,416,1,2,HANAZONOTENNO-SHINKI,104.80224214163441,105.87630626492447,104.82638334440028,104.22667416372889
522,1323,124,504,1,2,HANAZONOTENNO-SHINKI,104.80072857272894,105.88001666381516,104.83481745812499,104.22327499212787
523,1324,98,407,5,4,HANAZONOTENNO-SHINKI,104.79921500382349,105.88369589147737,104.84325155925872,104.21993645950414
525,1326,107,417,1,2,ZOKU-SHIGUSHO,104.79618786601259,105.89096083311652,104.86011886445921,104.21344250905605
528,1329,112,422,7,9,EST-from-KJ(SHOKA-WAKASHU),104.79164715929622,105.90162446136196,104.8854143572393,104.2041637591139
529,1330,108,418,7,4,RINEI-WAKASHU,104.79013359039077,105.90511666165357,104.89384387153304,104.20119523212037
530,1331,112,422,1,2,ZOKU-SHIGUSHO,104.78862002148531,105.90857769071673,104.90227186947104,104.19828936464211
531,1332,115,424,1,2,ZOKU-HONCHOTSUKAN,104.78710645257985,105.91200754855146,104.91069813622983,104.19544642959323
541,1342,110,420,3,2,MICHIFUYU-KYOKI,104.7719707635253,105.9445917093347,104.99481832778137,104.17053559076459
543,1344,102,411,1,2,ZOKU-SHIGUSHO,104.7689436257144,105.95073448675012,105.01160010958722,104.16633390893884
545,1346,107,417,1,2,ENTAIRYAKU,104.76591648790348,105.95675257925177,105.02836379585217,104.16239671242244
546,1347,109,419,1,2,MOROMORIKI,104.76440291899803,105.95971486865993,105.03673831609801,104.16052783829156
548,1349,112,422,3,2,ZOKU-SHIGUSHO,104.76137578118711,105.96554593379096,105.05347163669875,104.15699058813885
549,1350,101,411,3,2,(SHIRYO-SORAN),104.75986221228166,105.96841470951381,105.06183000740654,104.15532262025584
550,1351,115,425,3,2,(SHIRYO-SORAN),104.75834864337621,105.97125231400824,105.07018256528792,104.1537220227047
555,1356,117,426,3,2,MOROMORIKI,104.75078079884894,105.98497276805378,105.11185064347482,104.14673625046402
556,1357,107,417,2,2,ENTAIRYAKU,104.74926722994348,105.98762334517758,105.12016381310343,104.14554381615113
557,1358,110,420,3,2,GUKANKI,104.74775366103802,105.99024275107294,105.1284696661409,104.1444200292031
558,1359,105,415,3,2,GUKANKI,104.74624009213257,105.99283098573986,105.13676798776365,104.14336505631769
559,1360,101,410,3,2,GUKANKI,104.74472652322711,105.99538804917833,105.14505856314817,104.1423790602575
560,1361,108,418,3,2,GUKANKI,104.74321295432166,105.99791394138839,105.1533411774709,104.14146219985349
562,1363,107,417,3,2,MOROMORIKI,104.74018581651075,106.00287221212315,105.1698816636369,104.1398365016633
563,1364,110,419,3,2,MOROMORIKI,104.7386722476053,106.00530459064788,105.17813910583308,104.13912796186702
565,1366,112,422,2,2,ZOKU-HONCHOTSUKAN,104.73564510979438,106.01007583401204,105.1946273143342,104.13792021634453
566,1367,97,407,3,2,GUKANKI,104.73413154088892,106.01241469885147,105.20285765099202,104.13742128500525
567,1368,88,328,3,1,GUKANKI,104.73261797198347,106.01472239246246,105.21107852282334,104.1369924909813
568,1369,94,404,3,2,GOGUMAISHO,104.73110440307802,106.016998914845,105.21928971500462,104.13663396163219
569,1370,109,419,3,2,GOGUMAISHO,104.72959083417255,106.0192442659991,105.2274910127123,104.13634582038281
571,1372,102,411,7,8,EST-from-WF(GUKANKI),104.72656369636165,106.02364145462201,105.24386306541268,104.13598117621194
572,1373,110,420,3,2,GUKANKI,104.7250501274562,106.02579329209081,105.25203339075838,104.13590490047073
574,1375,103,413,3,2,GUKANKI,104.72202298964528,106.03000345334308,105.26834156532297,104.1359649801239
575,1376,99,408,3,2,GUKANKI,104.72050942073983,106.03206177712657,105.27647898489481,104.13610153909434
576,1377,105,415,5,1,KUJO-TADAMOTO-NIKKI,104.71899585183438,106.03408892968162,105.28460500622833,104.1363092399892
577,1378,104,414,3,2,(SHIRYO-SORAN),104.71748228292893,106.03608491100823,105.2927194145,104.13658817476204
578,1379,103,413,3,1,GUKANKI,104.71596871402346,106.0380497211064,105.3008219948862,104.13693843143284
579,1380,102,411,7,8,EST-from-WF(ZOKU-SHIGUSHO),104.71445514511801,106.03998335997613,105.30891253256348,104.137360094087
580,1381,108,418,3,2,EITOKU-GANNEN-GYOKO-SHIIKA,104.71294157621256,106.04188582761743,105.31699081270824,104.13785324287693
581,1382,105,415,3,2,KUGE-NICHIYO-KUFU-RYAKUSHU,104.7114280073071,106.0437571240303,105.32505662049702,104.13841795401999
582,1383,102,412,3,1,KUGE-NICHIYO-KUFU-RYAKUSHU,104.70991443840164,106.04559724921472,105.33310974110626,104.13905429980167
583,1384,98,407,3,2,KUGE-NICHIYO-KUFU-RYAKUSHU,104.70840086949619,106.04740620317071,105.34114995971235,104.13976234857108
584,1385,99,409,3,2,ATOKAGAMI,104.70688730059074,106.04918398589825,105.34917706149184,104.14054216474557
585,1386,105,415,3,2,ATOKAGAMI,104.70537373168528,106.05093059739737,105.3571908316212,104.14139380880698
586,1387,100,410,3,2,SANEFUYU-KOKI,104.70386016277982,106.05264603766804,105.36519105527684,104.14231733730395
587,1388,99,408,3,1,KANENOBU-KOKI,104.70234659387437,106.05433030671027,105.37317751763521,104.14331280285188
597,1398,106,416,4,2,GEIYOKI,104.68721090481982,106.06945857956858,105.4522380086936,104.1572327586203
600,1401,101,411,3,2,ATOKAGAMI,104.68267019810345,106.07338922247153,105.47565150553754,104.16281690659622
601,1402,103,413,3,2,YOSHIDAKE-HINAMIKI,104.681156629198,106.07463709431565,105.48342275326344,104.16482281241912
602,1403,104,414,4,2,YOSHIDAKE-HINAMIKI,104.67964306029255,106.07585379493132,105.4911770173391,104.16690097244708
605,1406,102,412,3,2,(SHIRYO-SORAN),104.67510235357618,106.07931686940772,105.51433575942909,104.17356885481155
606,1407,101,411,3,2,(SHIRYO-SORAN),104.67358878467073,106.08040888510965,105.5220199406683,104.17593588904259
607,1408,111,420,3,2,ZOKU-HONCHOTSUKAN,104.67207521576528,106.08146972958313,105.52968606413963,104.17837508650172
608,1409,86,327,4,2,(DAINIHON-SHIRYO),104.67056164685981,106.08249940282818,105.53733391501937,104.18088641719072
609,1410,102,412,4,2,NORITOKI-KYOKI,104.66904807795436,106.08349790484479,105.54496327848418,104.18346984717988
611,1412,93,402,4,2,(DAINIHON-SHIRYO),104.66602094014345,106.08540139519272,105.56016568387459,104.18885284966501
612,1413,91,401,4,2,ATOKAGAMI,104.66450737123799,106.086306383524,105.56773829615311,104.19165233462905
614,1415,105,415,4,2,(DAINIHON-SHIRYO),104.66148023342708,106.0880228465013,105.58282526575913,104.19746702366882
615,1416,101,410,3,1,KANMON-GYOKI(FUSHIMI),104.65996666452163,106.08883432114729,105.59033919343958,104.20048211660952
616,1417,109,419,4,2,(DAINIHON-SHIRYO),104.65845309561618,106.08961462456483,105.59783312994028,104.20356896118443
617,1418,98,408,3,2,KANMON-GYOKI,104.65693952671072,106.09036375675394,105.60530686043768,104.20672749199201
618,1419,100,410,3,2,KANMON-GYOKI(FUSHIMI),104.65542595780526,106.09108171771462,105.61276017010822,104.2099576396958
619,1420,112,421,3,2,KANMON-GYOKI(FUSHIMI),104.65391238889981,106.09176850744686,105.62019284412841,104.21325933102611
620,1421,99,409,3,1,KANMON-GYOKI(FUSHIMI),104.65239881999436,106.09242412595066,105.62760466767473,104.216632488779
621,1422,109,419,1,2,YASUTOMIKI,104.6508852510889,106.09304857322603,105.63499542592355,104.22007703181697
622,1423,96,406,3,1,KANMON-GYOKI(FUSHIMI),104.64937168218344,106.09364184927296,105.6423649040514,104.22359287506862
623,1424,103,412,3,2,KANMON-GYOKI(FUSHIMI),104.64785811327799,106.09420395409144,105.64971288723478,104.2271799295284
624,1425,98,408,3,1,KANMON-GYOKI(FUSHIMI),104.64634454437254,106.0947348876815,105.65703916065009,104.23083810225654
625,1426,99,409,1,2,MANZAIJUNGO-NIKKI(DAIGO),104.64483097546707,106.09523465004311,105.66434350947381,104.23456729638059
626,1427,102,412,4,1,MANZAIJUNGO-NIKKI(DAIGO),104.64331740656162,106.0957032411763,105.67162571888242,104.23836741109352
628,1429,98,408,3,1,MANZAIJUNGO-NIKKI(DAIGO),104.64029026875072,106.09654690975734,105.68612286016014,104.24617997938623
629,1430,108,418,1,2,MANZAIJUNGO-NIKKI(DAIGO),104.63877669984525,106.09692198720519,105.69333736238218,104.25019221168242
630,1431,102,412,3,2,MANZAIJUNGO-NIKKI(DAIGO),104.6372631309398,106.09726589342462,105.70052886589495,104.25427492199998
631,1432,104,413,1,2,MANZAIJUNGO-NIKKI(DAIGO),104.63574956203435,106.09757862841562,105.70769715587494,104.25842798986213
632,1433,98,408,3,2,MANZAIJUNGO-NIKKI(DAIGO),104.6342359931289,106.09786019217816,105.71484201749858,104.26265129085806
633,1434,113,423,3,1,MANZAIJUNGO-NIKKI(DAIGO),104.63272242422345,106.09811058471229,105.72196323594237,104.26694469664386
634,1435,95,405,3,1,KANMON-GYOKI(FUSHIMI),104.63120885531798,106.09832980601796,105.72906059638275,104.27130807494092
635,1436,101,410,3,2,KANMON-GYOKI(FUSHIMI),104.62969528641253,106.0985178560952,105.73613388399617,104.27574128953773
636,1437,103,413,3,1,KANMON-GYOKI,104.62818171750708,106.098674734944,105.7431828839592,104.28024420028743
637,1438,99,409,3,2,INRYOGEN-NICHIROKU,104.62666814860162,106.09880044256437,105.75020738144818,104.28481666311046
638,1439,101,411,3,2,INRYOGEN-NICHIROKU,104.62515457969616,106.0988949789563,105.75720716163957,104.28945852999249
639,1440,98,407,4,2,MOROSATOKI,104.6236410107907,106.09895834411978,105.7641820097099,104.29416964898684
640,1441,105,415,3,2,INRYOGEN-NICHIROKU,104.62212744188525,106.09899053805484,105.77113171083565,104.29894986421101
642,1443,107,417,1,2,KANMON-GYOKI,104.61910030407434,106.09896141223963,105.78495481295913,104.30871694015394
643,1444,109,418,3,2,YASUTOMIKI,104.61758673516889,106.09890009248937,105.79182778430975,104.31370346944044
645,1446,108,418,3,2,GYOUKO-HOIN-NIKKI,104.61455959735798,106.09868393930354,105.80549549347127,104.32388165255514
646,1447,111,421,3,4,SOKONSHU,104.61304602845252,106.09852910586797,105.8122898016351,104.32907295134788
647,1448,96,405,3,2,YASUTOMIKI,104.61153245954706,106.09834310120397,105.81905745908949,104.33433214505084
648,1449,95,405,3,2,ZOKU-HONCHOTSUKAN,104.61001889064161,106.0981259253115,105.82579825101102,104.33965904631015
649,1450,100,410,2,1,YASUTOMIKI,104.60850532173616,106.09787757819063,105.83251196257613,104.34505346384043
650,1451,103,413,2,1,YASUTOMIKI,104.60699175283071,106.09759805984132,105.83919837896126,104.35051520241979
651,1452,92,401,1,2,ZOKU-SHIGUSHO,104.60547818392524,106.09728737026356,105.84585728534286,104.35604406289514
652,1453,107,417,3,4,SOKONSHU,104.60396461501979,106.09694550945736,105.85248846689741,104.36163984217677
653,1454,105,415,3,4,SOKONSHU,104.60245104611434,106.09657247742273,105.85909170880144,104.36730233324357
654,1455,96,406,3,1,GAUN-NIKKENROKU-BATSUYU,104.60093747720889,106.09616827415965,105.86566679623134,104.3730313251387
655,1456,106,415,1,2,MOROSATOKI,104.59942390830342,106.09573289966815,105.87221351436354,104.37882660297288
656,1457,105,415,1,2,ZOKU-HONCHOTSUKAN,104.59791033939797,106.0952663539482,105.87873164837458,104.38468794792192
657,1458,112,422,1,2,INRYOGEN-NICHIROKU,104.59639677049252,106.09476863699982,105.88522098344096,104.3906151372268
658,1459,113,423,1,2,INRYOGEN-NICHIROKU,104.59488320158707,106.09423974882299,105.89168130473904,104.39660794419734
659,1460,111,420,1,2,INRYOGEN-NICHIROKU,104.5933696326816,106.09367968941774,105.8981123974453,104.4026661382074
660,1461,106,416,3,2,INRYOGEN-NICHIROKU,104.59185606377615,106.09308845878405,105.90451404673625,104.4087894846977
661,1462,106,416,1,2,INRYOGEN-NICHIROKU,104.5903424948707,106.09246605692192,105.91088603778834,104.41497774517433
662,1463,101,411,3,2,INRYOGEN-NICHIROKU,104.58882892596525,106.09181248383135,105.91722815577809,104.42123067721019
663,1464,104,413,1,2,INRYOGEN-NICHIROKU,104.5873153570598,106.09112773951233,105.92354018588186,104.42754803444478
664,1465,98,408,1,2,INRYOGEN-NICHIROKU,104.58580178815433,106.0904118239649,105.92982191327617,104.43392956658244
665,1466,105,415,1,2,INRYOGEN-NICHIROKU,104.58428821924888,106.08966473718901,105.93607312313748,104.4403750193938
666,1467,101,411,7,8,EST-from-WF(GOHOKOINKI),104.58277465034342,106.08888647918468,105.94229360064226,104.44688413471698
667,1468,101,410,1,1,HEKIZAN-NICHIROKU,104.58126108143797,106.08807704995193,105.94848313096695,104.4534566504546
671,1472,114,423,3,2,CHIKANAGA-KYOKI,104.57520680581615,106.08452762073654,105.97292748399425,104.48037533792927
673,1474,98,408,3,4,ENROKUCHOKASHU,104.57217966800523,106.0825658787582,105.98495839201553,104.49420798049738
675,1476,100,409,3,2,SANETAKA-KOKI,104.56915253019433,106.08047945186613,105.99685949625756,104.50828644148493
676,1477,110,420,3,1,OYUDONONO-UENO-NIKKI,104.56763896128888,106.07938948157744,106.0027608349025,104.51541711750752
677,1478,115,425,3,1,SANETAKA-KOKI,104.56612539238341,106.0782683400603,106.00862907813199,104.52260835661292
678,1479,110,420,3,2,SANETAKA-KOKI,104.56461182347796,106.07711602731473,106.0144640111225,104.52985985343201
679,1480,104,413,4,3,OYUDONONO-UENO-NIKKI [EDA],104.56309825457251,106.07593254334074,106.02026541905053,104.53717129866044
680,1481,106,416,1,2,SANETAKA-KOKI,104.56158468566706,106.07471788813828,106.02603308709256,104.54454237906208
681,1482,108,418,3,1,OYUDONONO-UENO-NIKKI,104.56007111676159,106.0734720617074,106.03176680042499,104.55197277746487
682,1483,101,411,3,2,OYUDONONO-UENO-NIKKI,104.55855754785614,106.07219506404809,106.0374663442243,104.55946217276329
683,1484,97,406,1,2,OYUDONONO-UENO-NIKKI,104.55704397895069,106.07088689516033,106.04313150366698,104.56701023991894
684,1485,94,404,1,1,OYUDONONO-UENO-NIKKI,104.55553041004524,106.06954755504415,106.04876206392949,104.57461664995873
685,1486,99,409,1,1,OYUDONONO-UENO-NIKKI,104.55401684113977,106.0681770436995,106.05435781018829,104.5822810699762
686,1487,93,403,1,1,SANETAKA-KOKI,104.55250327223432,106.06677536112645,106.05991852761979,104.59000316312955
687,1488,103,412,3,1,OYUDONONO-UENO-NIKKI,104.55098970332887,106.06534250732494,106.06544400140056,104.59778258864566
688,1489,100,410,3,2,(SHIRYO-SHORAN),104.54947613442341,106.063878482295,106.07093401670701,104.60561900181466
689,1490,97,407,3,1,INRYOGEN-NICHIROKU,104.54796256551796,106.0623832860366,106.07638835871559,104.61351205399484
690,1491,107,417,3,2,SANETAKA-KOKI,104.5464489966125,106.0608569185498,106.08180681260279,104.6214613926092
691,1492,108,417,3,2,OYUDONONO-UENO-NIKKI,104.54493542770705,106.05929937983454,106.08718916354505,104.62946666114891
692,1493,100,410,3,2,OYUDONONO-UENO-NIKKI,104.5434218588016,106.05771066989085,106.09253519671887,104.63752749916893
693,1494,106,416,3,2,OYUDONONO-UENO-NIKKI,104.54190828989614,106.05609078871873,106.09784469730069,104.64564354229077
694,1495,94,404,1,2,OYUDONONO-UENO-NIKKI,104.54039472099068,106.05443973631816,106.10311745046694,104.65381442220365
695,1496,97,406,3,2,OYUDONONO-UENO-NIKKI,104.53888115208522,106.05275751268915,106.10835324139411,104.66203976666151
696,1497,108,418,3,2,CHIKANAGA-KYOKI,104.53736758317977,106.05104411783171,106.11355185525875,104.67031919948425
697,1498,97,407,1,2,OYUDONONO-UENO-NIKKI,104.53585401427432,106.04929955174583,106.11871307723723,104.67865234055893
698,1499,111,421,1,2,OYUDONONO-UENO-NIKKI,104.53434044536885,106.04752381443151,106.12383669250598,104.68703880583718
699,1500,97,407,1,2,OYUDONONO-UENO-NIKKI,104.5328268764634,106.04571690588877,106.12892248624158,104.69547820733834
700,1501,103,413,1,2,SANETAKA-KOKI,104.53131330755795,106.04387882611758,106.13397024362041,104.70397015314717
701,1502,115,425,3,1,NOBUTANE-KYOKI,104.5297997386525,106.04200957511794,106.13897974981899,104.71251424741496
702,1503,108,418,3,2,SANETAKA-KOKI,104.52828616974703,106.04010915288987,106.14395079001369,104.72111009035729
703,1504,114,423,3,1,SANETAKA-KOKI,104.52677260084158,106.03817755943336,106.14888314938106,104.72975727825809
704,1505,106,416,1,2,NISUIKI,104.52525903193613,106.03621479474843,106.15377661309758,104.73845540346707
705,1506,106,416,1,1,MOTONAGA-KYOKI,104.52374546303068,106.03422085883506,106.15863096633966,104.74720405439888
706,1507,108,418,1,2,MOTONAGA-KYOKI,104.52223189412523,106.03219575169324,106.16344599428375,104.75600281553506
707,1508,111,420,1,2,SANETAKA-KOKI,104.52071832521976,106.03013947332298,106.16822148210638,104.76485126742244
708,1509,102,412,1,2,SANETAKA-KOKI,104.51920475631431,106.02805202372429,106.17295721498395,104.77374898667603
709,1510,110,420,1,2,SANETAKA-KOKI,104.51769118740886,106.02593340289717,106.177652978093,104.7826955459754
710,1511,111,421,1,2,SANETAKA-KOKI,104.5161776185034,106.0237836108416,106.18230855660991,104.79169051406478
711,1512,109,418,1,2,SANETAKA-KOKI,104.51466404959794,106.02160264755759,106.18692373571118,104.80073345575664
712,1513,110,420,1,2,SANETAKA-KOKI,104.51315048069249,106.01939051304515,106.19149830057329,104.80982393193102
713,1514,105,415,2,2,MORIMITSU-KOKI,104.51163691178704,106.01714720730428,106.19603203637267,104.81896149952996
714,1515,111,421,3,2,SAISHOSO,104.51012334288158,106.01487273033496,106.2005247282859,104.82814571156331
715,1516,104,413,3,2,SAISHOSO,104.50860977397612,106.01256708213722,106.20497616148923,104.83737611710916
716,1517,106,416,1,2,NISUIKI,104.50709620507067,106.01023026271102,106.20938612115931,104.84665226130932
717,1518,115,425,1,1,NISUIKI,104.50558263616522,106.0078622720564,106.21375439247254,104.85597368537248
718,1519,111,421,1,2,NISUIKI,104.50406906725976,106.00546311017334,106.21808076060539,104.86533992657229
719,1520,105,414,1,2,NISUIKI,104.5025554983543,106.00303277706183,106.22236501073432,104.87475051825089
720,1521,107,417,1,1,NISUIKI,104.50104192944885,106.00057127272188,106.22660692803572,104.88420498981458
721,1522,103,413,1,2,NISUIKI,104.4995283605434,105.99807859715352,106.23080629768624,104.89370286673687
722,1523,109,419,3,2,SANETAKA-KOKI,104.49801479163794,105.9955547503567,106.23496290486219,104.90324367055524
723,1524,109,418,1,1,SANETAKA-KOKI,104.49650122273249,105.99299973233144,106.23907653474004,104.91282691887653
724,1525,104,414,1,2,NISUIKI,104.49498765382702,105.99041354307775,106.24314697249632,104.92245212537222
725,1526,113,423,7,2,NISUIKI,104.49347408492157,105.98779618259564,106.24717400330749,104.9321187997785
726,1527,105,415,1,2,NISUIKI,104.49196051601612,105.98514765088507,106.25115741234998,104.94182644789936
727,1528,106,415,1,2,NISUIKI,104.49044694711067,105.98246794794608,106.25509698480025,104.95157457160491
728,1529,107,417,1,2,SANETAKA-KOKI,104.4889333782052,105.97975707377863,106.25899250583475,104.96136266882985
729,1530,107,417,1,2,NISUIKI,104.48741980929975,105.97701502838275,106.26284376063,104.97119023357806
730,1531,103,413,1,2,NISUIKI,104.4859062403943,105.97424181175845,106.26665053436248,104.98105675591495
731,1532,108,417,1,2,SANETAKA-KOKI,104.48439267148885,105.97143742390568,106.27041261220859,104.9909617219759
732,1533,111,421,3,3,OYUDONONO-UENO-NIKKI [EDA],104.48287910258338,105.9686018648245,106.27412977934479,105.0009046139607
733,1534,108,418,3,4,GONARAIN-GYOSEI-BASSHO,104.48136553367793,105.96573513451489,106.27780182094756,105.01088491013667
734,1535,95,405,3,1,GONARAIN-SHINNKI,104.47985196477248,105.96283723297681,106.28142852219345,105.0209020848352
735,1536,108,417,4,3,OYUDONONO-UENO-NIKKI [EDA],104.47833839586703,105.95990816021032,106.28500966825882,105.03095560845458
736,1537,108,418,4,3,OYUDONONO-UENO-NIKKI [EDA],104.47682482696158,105.95694791621537,106.28854504432016,105.04104494745997
737,1538,112,422,3,2,NINAGAWA-CHIKATOSHI-NIKKI,104.47531125805611,105.953956500992,106.29203443555392,105.05116956438184
738,1539,120,430,4,3,OYUDONONO-UENO-NIKKI [EDA],104.47379768915066,105.95093391454019,106.2954776271366,105.06132891781687
739,1540,122,501,3,3,OYUDONONO-UENO-NIKKI [EDA],104.4722841202452,105.94788015685994,106.29887440424469,105.07152246242805
740,1541,109,419,3,3,OYUDONONO-UENO-NIKKI [EDA],104.47077055133975,105.94479522795125,106.30222455205454,105.08174964894494
741,1542,102,412,3,1,TOKITSUGU-KYOKI,104.46925698243429,105.94167912781413,106.30552785574272,105.09200992416226
742,1543,119,429,3,3,OYUDONONO-UENO-NIKKI [EDA],104.46774341352884,105.93853185644856,106.30878410048568,105.10230273094083
743,1544,107,416,2,2,TOKITSUGU-KYOKI,104.46622984462338,105.93535341385456,106.31199307145987,105.11262750820828
744,1545,97,407,4,3,OYUDONONO-UENO-NIKKI [EDA],104.46471627571793,105.93214380003212,106.31515455384171,105.12298369095828
745,1546,112,422,3,2,TOKITSUGU-KYOKI,104.46320270681247,105.92890301498124,106.31826833280775,105.13337071025006
746,1547,104,414,4,3,OYUDONONO-UENO-NIKKI [EDA],104.46168913790702,105.92563105870194,106.32133419353434,105.14378799320986
747,1548,118,427,3,2,TOKITSUGU-KYOKI,104.46017556900156,105.92232793119419,106.32435192119807,105.15423496302816
748,1549,117,427,4,3,(SHIRYO-SORAN),104.45866200009611,105.918993632458,106.3273213009754,105.16471103896441
749,1550,111,421,3,2,TOKITSUGU-KYOKI,104.45714843119066,105.91562816249338,106.33024211804268,105.17521563634176
750,1551,109,419,4,3,OYUDONONO-UENO-NIKKI [EDA],104.4556348622852,105.91223152130031,106.33311415757645,105.18574816655081
751,1552,104,413,3,2,TOKITSUGU-KYOKI,104.45412129337974,105.90880370887882,106.33593720475315,105.19630803704632
752,1553,119,429,4,3,OYUDONONO-UENO-NIKKI [EDA],104.45260772447429,105.90534472522887,106.33871104474927,105.20689465135143
754,1555,101,411,3,2,OYUDONONO-UENO-NIKKI,104.44958058666337,105.8983332442437,106.34411024390562,105.2281457058121
755,1556,120,429,4,3,OYUDONONO-UENO-NIKKI [EDA],104.44806701775792,105.89478074690845,106.34673517341875,105.23880893334189
756,1557,93,403,3,2,TOKITSUGU-KYOKI,104.44655344885247,105.89119707834476,106.34931003645717,105.24949647943123
757,1558,111,421,4,3,OYUDONONO-UENO-NIKKI [EDA],104.44503987994702,105.88758223855262,106.35183461819727,105.2602077279343
758,1559,96,406,3,2,OYUDONONO-UENO-NIKKI,104.44352631104155,105.88393622753208,106.35430870381558,105.2709420587683
759,1560,100,409,2,2,DAINIHON-SHIRYO,104.4420127421361,105.88025904528308,106.35673207848858,105.28169884791959
760,1561,102,412,3,2,OYUDONONO-UENO-NIKKI,104.44049917323065,105.87655069180565,106.35910452739267,105.29247746743766
761,1562,99,409,3,2,OYUDONONO-UENO-NIKKI [EDA],104.4389856043252,105.87281116709977,106.3614258357044,105.3032772854421
762,1563,99,409,4,2,(SHIRYO-SORAN),104.43747203541973,105.86904047116546,106.36369578860014,105.3140976661146
763,1564,109,418,3,2,OYUDONONO-UENO-NIKKI,104.43595846651428,105.86523860400271,106.36591417125639,105.32493796970522
764,1565,114,424,2,2,(SHIRYO-SORAN),104.43444489760883,105.86140556561153,106.36808076884965,105.33579755252964
765,1566,97,407,2,2,(SHIRYO-SORAN),104.43293132870338,105.8575413559919,106.37019536655633,105.34667576696864
766,1567,108,418,3,2,OYUDONONO-UENO-NIKKI,104.43141775979792,105.85364597514385,106.37225774955296,105.35757196147159
767,1568,106,415,3,2,ATOKAGAMI,104.42990419089246,105.84971942306734,106.37426770301589,105.36848548055019
769,1570,112,422,3,1,TOKITSUGU-KYOKI,104.42687705308155,105.84177280522903,106.37812946204686,105.39036185082551
770,1571,108,418,4,3,OYUDONONO-UENO-NIKKI [EDA],104.4253634841761,105.83775273946722,106.37998083796774,105.40132337138067
771,1572,107,416,4,3,OYUDONONO-UENO-NIKKI [EDA],104.42384991527064,105.83370150247697,106.38177892506087,105.41229955522823
773,1574,98,408,7,8,EST-from-WF(MASAATSUKYO-EISO),104.42082277745973,105.82550551481117,106.38521437346968,105.43429320824822
775,1576,109,418,3,3,OYUDONONO-UENO-NIKKI [EDA],104.41779563964882,105.81718484223163,106.38843408868499,105.45633736143503
776,1577,100,410,3,1,SHINCHO-KOKI,104.41628207074336,105.81297774909919,106.38996250928625,105.46737665573886
778,1579,102,412,2,2,DAINIHON-SHIRYO,104.41325493293246,105.804470049149,106.3928554023583,105.48948620564244
779,1580,97,406,2,2,DAINIHON-SHIRYO,104.411741364027,105.80016944233125,106.394219445182,105.50055505979077
780,1581,105,415,4,3,OYUDONONO-UENO-NIKKI [EDA],104.41022779512154,105.79583766428507,106.3955282657661,105.51163235921166
782,1583,108,418,3,1,OYUDONONO-UENO-NIKKI,104.40720065731064,105.78708059450739,106.39797938092148,105.53380944769748
783,1584,106,415,3,2,SHUNKYUKI(DAIGO),104.40568708840519,105.7826553027759,106.39912124584563,105.54490780383873
784,1585,105,415,1,2,UNONOMONDOKI,104.40417351949972,105.77819883981596,106.40020702923601,105.55601173940698
785,1586,106,416,3,2,OYUDONONO-UENO-NIKKI,104.40265995059427,105.77371120562759,106.4012365162692,105.56712052810661
786,1587,105,415,3,3,OYUDONONO-UENO-NIKKI,104.40114638168882,105.76919240021078,106.40220949212159,105.57823343970762
787,1588,106,415,2,2,,104.39963281278337,105.76464242356553,106.4031257419696,105.58934974004518
788,1589,105,415,3,2,OYUDONONO-UENO-NIKKI,104.3981192438779,105.76006127569185,106.40398505098976,105.60046869102183
789,1590,102,412,4,2,(SHIRYO-SORAN),104.39660567497245,105.75544895658973,106.4047872043585,105.61158955060608
790,1591,94,404,4,2,HARETOYOKI,104.395092106067,105.75080546625918,106.40553198725232,105.62271157283209
791,1592,98,407,4,4,TOKITSUNE-KYOKI,104.39357853716155,105.74613080470019,106.40621918484764,105.63383400779998
792,1593,113,423,4,2,TOKITSUNE-KYOKI(DAIGO),104.39206496825608,105.74142497191275,106.40684858232093,105.64495610167688
793,1594,93,403,4,2,(DAINIHON-SHIRYO(FUSHIMI)),104.39055139935063,105.73668796789688,106.4074199648487,105.65607709669467
794,1595,111,421,3,3,OYUDONONO-UENO-NIKKI,104.38903783044518,105.73191979265258,106.40793311760741,105.66719623115324
795,1596,104,413,3,2,GIENJUNKO-NIKKI(DAIGO),104.38752426153972,105.72712044617982,106.40838782577349,105.67831273941619
796,1597,114,424,1,2,GIENJUNKO-NIKKI(DAIGO),104.38601069263427,105.72228992847865,106.4087838745234,105.68942585191468
797,1598,110,420,3,2,GIENJUNKO-NIKKI(DAIGO),104.3844971237288,105.71742823954902,106.40912104903359,105.70053479514746
798,1599,103,413,3,2,GIENJUNKO-NIKKI(DAIGO),104.38298355482335,105.71253537939097,106.40939913448062,105.71163879167551
799,1600,101,410,3,2,GIENJUNKO-NIKKI(DAIGO),104.3814699859179,105.70761134800448,106.40961791604089,105.72273706012896
800,1601,93,403,3,1,GIENJUNKO-NIKKI(DAIGO),104.37995641701245,105.70265614538954,106.40977717889078,105.73382881520382
801,1602,107,417,3,1,GIENJUNKO-NIKKI(DAIGO),104.37844284810699,105.69766977154617,106.40987670820687,105.74491326766059
802,1603,99,409,3,1,GIENJUNKO-NIKKI(DAIGO),104.37692927920153,105.69265222647437,106.40991628916562,105.75598962432792
803,1604,95,404,3,1,GIENJUNKO-NIKKI(DAIGO),104.37541571029608,105.68760351017411,106.4098957069435,105.76705708809942
804,1605,105,415,1,1,TOKIYOSHI-KYOKI,104.37390214139063,105.68252362264545,106.40981474671686,105.7781148579333
805,1606,106,416,1,2,TOKIYOSHI-KYOKI,104.37238857248516,105.67741256388831,106.40967319366229,105.78916212885662
806,1607,110,420,3,2,SHUNKYUKI(DAIGO),104.37087500357971,105.67227033390276,106.40947083295623,105.8001980919625
808,1609,108,418,1,2,TOKIYOSHI-KYOKI,104.36784786576881,105.66189236024634,106.40888282929538,105.82223283941602
809,1610,110,420,3,2,KEICHO-NIKKENROKU,104.36633429686336,105.65665661657548,106.40849675669352,105.83322998627881
811,1612,87,327,1,1,GIENJUNKO-NIKKI(DAIGO),104.36330715905244,105.64609161554841,106.40753939582939,105.85517970306051
812,1613,106,416,1,2,TOKIYOSHI-KYOKI,104.36179359014699,105.64076235819223,106.40696767792,105.86613061188933
813,1614,103,413,3,1,TOKIYOSHI-KYOKI,104.36028002124154,105.63540192960762,106.40633364859433,105.87706444039537
814,1615,110,420,4,2,YASUSHIGE-KYOKI,104.35876645233607,105.63001032979457,106.4056370930289,105.8879803481995
815,1616,122,501,4,2,YASUSHIGE-KYOKI,104.35725288343062,105.62458755875308,106.40487779640011,105.8988774909879
816,1617,107,417,4,2,YASUSHIGE-KYOKI,104.35573931452517,105.61913361648314,106.4040555438845,105.90975502051373
817,1618,102,412,3,1,TOKIYOSHI-KYOKI,104.35422574561971,105.61364850298477,106.40317012065846,105.92061208459614
818,1619,93,403,3,2,(DAINIHON-SHIRYO),104.35271217671425,105.60813221825796,106.40222131189847,105.9314478271213
820,1621,109,419,4,2,(DAINIHON-SHIRYO),104.34968503890335,105.59700613511905,106.4001326784826,105.95305190337007
821,1622,106,416,1,2,RYOGEN-IN-KI,104.3481714699979,105.59139633670694,106.39899242417962,105.9638185051952
822,1623,113,423,4,2,YASUSHIGE-KYOKI,104.34665790109243,105.58575536706637,106.3977879250485,105.97456032166457
823,1624,112,421,4,1,YASUSHIGE-KYOKI,104.34514433218698,105.58008322619739,106.39651896626584,105.98527647699467
824,1625,95,405,3,2,OYUDONONO-UENO-NIKKI,104.34363076328152,105.57437991409995,106.39518533300806,105.99596609146687
825,1626,100,410,3,2,(SHIRYO-SORAN),104.34211719437607,105.56864543077408,106.39378681045152,106.00662828142964
827,1628,104,413,3,1,ROKUON-NICHIROKU,104.33909005656515,105.55708295043704,106.39079423814825,106.02786683354924
828,1629,112,422,4,1,YASUSHIGE-KYOKI,104.3375764876597,105.55125495342585,106.38919975875447,106.0384414087327
831,1632,104,413,3,1,TOKIYOSHI-KYOKI,104.33303578094333,105.5335839350217,106.38402096972204,106.06997552632566
832,1633,98,408,1,2,OUCHI-NIKKI,104.33152221203788,105.52763125309677,106.38216220701577,106.08042067201956
833,1634,96,406,4,2,MICHIFUSA-KOKI,104.33000864313243,105.5216473999434,106.38023683642251,106.09083118236873
834,1635,97,407,3,2,(SHIRYO-SORAN),104.32849507422698,105.5156323755616,106.37824464311873,106.10120613831549
836,1637,105,415,3,2,TOKIYOSHI-KYOKI,104.32546793641606,105.50350881311267,106.37405892908549,106.12184569110474
837,1638,105,415,3,2,KAKUMEIKI,104.32395436751061,105.49740027504556,106.37186497870903,106.13210843016378
838,1639,108,418,3,2,KAKUMEIKI,104.32244079860516,105.49126056575001,106.36960334632788,106.14233189925352
839,1640,103,412,3,4,KYOHAKUSHU,104.32092722969969,105.48508968522601,106.36727381711854,106.15251515964854
840,1641,117,427,4,2,HIRAMATSUKE-HINAMI-SHIKI,104.31941366079424,105.47888763347359,106.36487617625751,106.16265726868636
841,1642,114,424,4,2,HIRAMATSUKE-HINAMI-SHIKI,104.31790009188879,105.47265441049272,106.36241020892122,106.17275727977488
842,1643,114,424,3,2,KAKUMEIKI,104.31638652298334,105.46639001628341,106.35987570028615,106.18281424238495
843,1644,105,414,4,2,HIRAMATSU-TOKIMORIKI,104.31487295407788,105.46009445084567,106.3572724355287,106.19282720205473
844,1645,99,409,4,2,HIRAMATSU-TOKIMORIKI,104.31335938517242,105.4537677141795,106.35460019982541,106.20279520038815
845,1646,87,328,4,2,SHOHO-2-NEN-IKO-NIKKI,104.31184581626697,105.4474098062849,106.3518587783528,106.21271727505513
846,1647,112,422,3,2,KAKUMEIKI,104.31033224736152,105.44102072716183,106.34904795628721,106.22259245979245
848,1649,104,414,4,2,KAKUMEIKI,104.3073051095506,105.42814905523042,106.34321725108306,106.24219827475389
849,1650,102,412,3,2,KAKUMEIKI,104.30579154064515,105.42166646242205,106.3401969382975,106.25192695278048
850,1651,107,417,1,2,ZOKU-SHIGUSHO,104.3042779717397,105.41515269838526,106.33710636562488,106.2616048364842
851,1652,107,416,3,2,KAKUMEIKI,104.30276440283424,105.40860776312002,106.33394531824159,106.27123093993072
852,1653,112,422,3,2,KAKUMEIKI,104.30125083392878,105.40203165662633,106.33071358132413,106.28080427325364
853,1654,104,414,3,2,KAKUMEIKI,104.29973726502332,105.39542437890422,106.32741094004908,106.29032384265173
854,1655,104,414,3,2,ISHIKAWA-NIKKI,104.29822369611787,105.38878592995367,106.32403717959278,106.29978865039033
855,1656,103,412,3,1,ISHIKAWA-NIKKI,104.29671012721242,105.38211630977469,106.32059208513168,106.3091976948005
857,1658,108,418,4,2,KAKUMEIKI,104.2936829894015,105.3686835557314,106.3134870349012,106.32784446729175
859,1660,111,420,3,2,KAKUMEIKI,104.2906558515906,105.35512611677434,106.30609407076928,106.34625606809601
860,1661,93,403,7,4,BURUI-GENYO-WAKASHU,104.28914228268515,105.34830064045317,106.30228908393143,106.35537113314689
861,1662,110,420,4,1,KAKUMEIKI,104.28762871377968,105.34144399290356,106.2984114741476,106.3644243422454
862,1663,105,415,3,2,KAKUMEIKI,104.28611514487423,105.33455617412551,106.2944610265943,106.37341466618449
863,1664,105,414,3,2,KAKUMEIKI,104.28460157596878,105.32763718411901,106.290437526448,106.38234107182569
864,1665,112,422,3,2,KAKUMEIKI,104.28308800706333,105.3206870228841,106.28634075888506,106.39120252209415
865,1666,108,418,4,2,KIMITOSHI-KYOKI,104.28157443815786,105.31370569042073,106.28217050908204,106.39999797598199
866,1667,112,422,7,2,HAMURO-YORINARI-KI,104.28006086925241,105.30669318672892,106.27792656221541,106.40872638854904
867,1668,110,419,3,2,GYOJO-HOSSINNO-NIKKI [TOYOKUNI],104.27854730034696,105.2996495118087,106.27360870346163,106.41738671091883
868,1669,104,414,7,2,HAMURO-YORINARI-KI,104.2770337314415,105.29257466566001,106.26921671799707,106.42597789028292
869,1670,102,412,3,1,GYOJO-HOSSINNO-NIKKI,104.27552016253605,105.2854686482829,106.2647503909983,106.43449886989589
870,1671,116,426,3,2,GYOJO-HOSSINNO-NIKKI [KINDAI],104.27400659363059,105.27833145967736,106.26020950764172,106.44294858908239
871,1672,112,421,3,1,GYOJO-HOSSINNO-NIKKI [SEIRYODEN],104.27249302472514,105.27116309984336,106.25559385310389,106.45132598323113
872,1673,105,415,6,1,MUJOHOINDONO-GONIKKI,104.27097945581968,105.26396356878094,106.25090321256111,106.4596299837977
873,1674,115,425,3,2,GYOJO-HOSSINNO-NIKKI,104.26946588691423,105.25673286649007,106.24613737119,106.46785951830151
874,1675,111,421,3,1,GYOJO-HOSSINNO-NIKKI [TOJI],104.26795231800877,105.24947099297077,106.24129611416696,106.47601351033126
875,1676,103,412,3,2,GYOJO-HOSSINNO-NIKKI,104.26643874910332,105.24217794822303,106.23637922666848,106.48409087954047
876,1677,96,406,7,1,MUJOHOINDONO-GONIKKI,104.26492518019786,105.23485373224686,106.23138649387093,106.492090541648
877,1678,109,419,3,1,GYOJO-HOSSINNO-NIKKI [HIGASHI-IWAKURA],104.26341161129241,105.22749834504225,106.22631770095089,106.50001140843887
878,1679,114,424,7,2,MUJOHOINDONO-GONIKKI,104.26189804238695,105.22011178660921,106.2211726330848,106.50785238776535
879,1680,109,418,3,1,GYOJO-HOSSINNO-NIKKI [KIYOMIZU-CHIONIN],104.2603844734815,105.21269405694771,106.2159510754491,106.51561238354606
880,1681,110,420,3,3,OYUDONONO-UENO-NIKKI [EDA],104.25887090457604,105.20524515605779,106.21065281322028,106.52329029576418
881,1682,104,414,3,1,GYOJO-HOSSINNO-NIKKI [HIGASHIYAMA],104.25735733567059,105.19776508393943,106.20527763157477,106.53088502046938
882,1683,108,418,3,2,ITO-JINSAI-NIKKI,104.25584376676512,105.19025384059262,106.19982531568904,106.53839544977762
883,1684,118,427,3,1,GYOJO-HOSSINNO-NIKKI [HIGASHIYAMA],104.25433019785967,105.18271142601739,106.19429565073958,106.54582047187245
884,1685,106,416,3,3,OYUDONONO-UENO-NIKKI [EDA],104.25281662895422,105.17513784021372,106.18868842190288,106.55315897100189
885,1686,104,414,3,1,GYOJO-HOSSINNO-NIKKI,104.25130306004877,105.16753308318161,106.18300341435528,106.56040982747885
886,1687,104,414,3,1,GYOJO-HOSSINNO-NIKKI [HIGASHIYAMA],104.24978949114332,105.15989715492105,106.17724041327338,106.56757191768514
887,1688,114,423,3,2,GYOJO-HOSSINNO-NIKKI,104.24827592223785,105.15223005543207,106.17139920383362,106.5746441140679
888,1689,97,407,3,1,GYOJO-HOSSINNO-NIKKI [KOSAKATEI],104.2467623533324,105.14453178471464,106.1654795712124,106.5816252851385
889,1690,93,403,3,2,GYOJO-HOSSINNO-NIKKI [KOSAKATEI],104.24524878442695,105.13680234276879,106.15948130058621,106.58851429547616
890,1691,103,413,3,2,GYOJO-HOSSINNO-NIKKI [HIGASHIYAMA],104.2437352155215,105.12904172959449,106.15340417713152,106.59531000572639
891,1692,109,418,3,2,GYOJO-HOSSINNO-NIKKI [CHIONIN],104.24222164661603,105.12124994519175,106.14724798602487,106.60201127260024
892,1693,107,417,3,2,GYOJO-HOSSINNO-NIKKI [HIGASHIYAMA],104.24070807771058,105.11342698956058,106.14101251244257,106.6086169488753
893,1694,109,419,3,2,MYOHOIN-HINAMIKI,104.23919450880513,105.10557286270097,106.13469754156127,106.61512588339343
894,1695,120,430,3,2,MYOHOIN-HINAMIKI,104.23768093989968,105.09768756461293,106.12830285855726,106.62153692106455
895,1696,114,423,4,1,MOTOKAZU-KYOKI,104.23616737099421,105.08977109529644,106.12182824860706,106.62784890286554
896,1697,111,421,4,2,SADAMOTO-KYOKI,104.23465380208876,105.08182345475151,106.11527349688724,106.63406066583667
897,1698,101,411,4,2,MOTOKAZU-KYOKI,104.2331402331833,105.07384464297814,106.10863838857415,106.64017104308545
898,1699,97,407,4,2,MOTOHIRO-KOKI,104.23162666427785,105.06583465997636,106.10192270884426,106.64617886378625
899,1700,116,426,3,2,CHIONIN-NICHIKAGAMI,104.23011309537239,105.05779350574612,106.09512624287404,106.65208295317922
900,1701,112,422,4,2,MOTOKAZU-KYOKI,104.22859952646694,105.04972118028745,106.08824877584,106.65788213257048
901,1702,116,426,4,2,MOTOHIRO-KOKI,104.22708595756148,105.04161768360034,106.08129009291861,106.66357521933088
902,1703,103,413,3,1,MYOHOIN-HINAMIKI,104.22557238865603,105.03348301568478,106.07424997928622,106.6691610269001
903,1704,113,422,3,2,MYOHOIN-HINAMIKI,104.22405881975058,105.0253171765408,106.06712822011941,106.67463836478208
904,1705,109,419,3,1,MYOHOIN-HINAMIKI,104.22254525084512,105.01712016616838,106.05992460059466,106.68000603854722
905,1706,115,425,4,1,KANEKA-KYOKI,104.22103168193966,105.00889198456753,106.05263890588834,106.68526284983199
906,1707,111,421,3,1,MYOHOIN-HINAMIKI,104.21951811303421,105.00063263173823,106.04527092117699,106.69040759633896
907,1708,103,412,4,1,MOTOHIRO-KOKI,104.21800454412876,104.99234210768049,106.03782043163699,106.69543907183657
908,1709,106,416,4,2,MOTOHIRO-KOKI,104.2164909752233,104.98402041239432,106.03028722244491,106.70035606616096
912,1713,104,414,3,1,MYOHOIN-HINAMIKI,104.21043669960147,104.95042191896525,105.99932289268452,106.71885489073003
913,1714,108,418,3,1,MYOHOIN-HINAMIKI,104.20892313069602,104.94194436753689,105.99137286287872,106.72318118902177
914,1715,107,417,3,2,CHIONIN-NICHIKAGAMI,104.20740956179057,104.93343564488009,105.98333882447959,106.72738566253628
915,1716,110,419,3,1,MYOHOIN-HINAMIKI,104.20589599288512,104.92489575099486,105.97522056266357,106.73146707357222
916,1717,98,408,4,1,MOTOHIRO-KOKI,104.20438242397967,104.9163246858812,105.96701786260715,106.73542418049368
917,1718,102,412,4,1,MOTOHIRO-KOKI,104.2028688550742,104.90772244953908,105.95873050948676,106.7392557377296
918,1719,102,412,4,1,MOTOHIRO-KOKI,104.20135528616875,104.89908904196854,105.95035828847887,106.74296049577612
919,1720,114,423,4,1,NAKANOIN-MICHIEDAKI,104.1998417172633,104.89042446316955,105.94190098475998,106.74653720119517
920,1721,95,405,4,1,MOTOHIRO-KOKI,104.19832814835785,104.88172871314214,105.93335838350652,106.74998459661612
921,1722,100,410,4,1,MOTOHIRO-KOKI,104.19681457945238,104.87300179188628,105.92473026989504,106.75330142073238
922,1723,104,414,4,1,KIMIAKI-KYOKI,104.19530101054693,104.86424369940198,105.91601642910182,106.75648640830292
923,1724,99,408,3,2,MYOHOIN-HINAMIKI,104.19378744164148,104.85545443568925,105.9072166463035,106.7595382901564
924,1725,106,416,4,2,MOTONAGA-KYOKI,104.19227387273602,104.84663400074808,105.89833070667646,106.76245579318464
925,1726,116,426,3,2,KAIKI,104.19076030383056,104.83778239457847,105.88935839539722,106.7652376403467
926,1727,112,422,3,2,KAIKI,104.1892467349251,104.82889961718043,105.88029949764218,106.76788255066589
927,1728,104,413,3,2,KAIKI,104.18773316601965,104.81998566855394,105.87115379858783,106.77038923923459
928,1729,105,415,4,1,MYOHOIN-HINAMIKI,104.1862195971142,104.81104054869903,105.86192108341065,106.77275641720911
930,1731,104,414,4,2,MITSUTSUNA-KYOKI,104.18319245930329,104.79305679530387,105.84319374539358,106.77706706633586
931,1732,108,417,3,2,GYOKYO-HOSSINNO-NIKKI,104.18167889039783,104.78401816176364,105.83369869290671,106.77900794013186
932,1733,107,417,3,2,MYOHOIN-HINAMIKI,104.18016532149238,104.77494835699497,105.82411576500277,106.7808041086243
933,1734,102,412,3,2,MYOHOIN-HINAMIKI [ARASHIYAMA],104.17865175258693,104.76584738099785,105.81444474685836,106.78245426329835
934,1735,101,411,3,2,MYOHOIN-HINAMIKI,104.17713818368146,104.75671523377233,105.80468542364986,106.78395709170883
935,1736,106,415,4,1,MICHIE-KOKI,104.17562461477601,104.74755191531834,105.79483758055376,106.78531127747539
936,1737,93,403,3,2,MYOHOIN-HINAMIKI,104.17411104587056,104.73835742563591,105.78490100274661,106.78651550028479
937,1738,101,411,4,2,MYOHOIN-HINAMIKI,104.17259747696511,104.72913176472505,105.77487547540473,106.78756843588775
938,1739,110,420,4,2,MICHIE-KOKI,104.17108390805964,104.71987493258577,105.76476078370467,106.78846875610276
939,1740,115,424,4,2,MYOHOIN-HINAMIKI,104.16957033915419,104.71058692921804,105.75455671282286,106.78921512881351
940,1741,109,419,4,2,MYOHOIN-HINAMIKI,104.16805677024874,104.70126775462187,105.74426304793586,106.78980621797206
941,1742,109,419,4,2,MYOHOIN-HINAMIKI,104.16654320134329,104.69191740879727,105.73387957421994,106.79024068359337
942,1743,108,418,4,2,MYOHOIN-HINAMIKI,104.16502963243782,104.68253589174421,105.72340607685177,106.79051718175907
943,1744,98,407,4,1,MYOHOIN-HINAMIKI,104.16351606353237,104.67312320346274,105.71284234100769,106.79063436461928
944,1745,105,415,4,1,MICHIE-KOKI,104.16200249462692,104.66367934395282,105.70218815186423,106.79059088038872
945,1746,110,420,4,2,MICHIE-KOKI,104.16048892572147,104.65420431321445,105.69144329459776,106.79038537334719
946,1747,101,411,4,1,MICHIE-KOKI,104.15897535681601,104.64469811124766,105.68060755438489,106.79001648384252
947,1748,96,405,4,2,MYOHOIN-HINAMIKI,104.15746178791055,104.63516073805243,105.66968071640193,106.78948284828715
948,1749,100,410,4,1,MYOHOIN-HINAMIKI,104.1559482190051,104.62559219362876,105.6586625658255,106.78878309916087
949,1750,110,420,4,2,MYOHOIN-HINAMIKI,104.15443465009965,104.61599247797666,105.6475528878319,106.78791586500864
950,1751,103,413,4,2,NAKANOIN-MICHIEDAKI,104.1529210811942,104.60636159109612,105.63635146759772,106.78687977044132
951,1752,110,419,4,1,NAKANOIN-MICHIEDAKI,104.15140751228873,104.59669953298715,105.6250580902994,106.78567343613685
952,1753,96,406,4,1,NAKANOIN-MICHIEDAKI,104.14989394338328,104.58700630364973,105.61367254111332,106.78429547883906
953,1754,115,425,4,2,SADAYUKI-KYOKI,104.14838037447782,104.57728190308387,105.60219460521608,106.78274451135695
954,1755,120,430,4,1,SADAYUKI-KYOKI,104.14686680557237,104.56752633128957,105.59062406778402,106.78101914256689
955,1756,109,418,3,1,NORINAGA-ZAIKYO-NIKKI,104.1453532366669,104.55773958826684,105.57896071399372,106.77911797740984
956,1757,112,422,4,2,MYOHOIN-HINAMIKI,104.14383966776145,104.54792167401567,105.56720432902154,106.77703961689537
957,1758,101,411,4,2,MYOHOIN-HINAMIKI,104.142326098856,104.53807258853607,105.555354698044,106.77478265809651
958,1759,109,419,4,2,MYOHOIN-HINAMIKI,104.14081252995055,104.52819233182802,105.54341160623753,106.77234569415333
959,1760,103,412,4,2,MYOHOIN-HINAMIKI,104.13929896104509,104.51828090389155,105.53137483877865,106.76972731427287
960,1761,89,330,4,2,MYOHOIN-HINAMIKI,104.13778539213963,104.50833830472664,105.51924418084377,106.76692610372578
961,1762,106,416,4,2,MYOHOIN-HINAMIKI,104.13627182323418,104.49836453433328,105.50701941760941,106.76394064385357
962,1763,112,422,4,1,MYOHOIN-HINAMIKI,104.13475825432873,104.48835959271149,105.49470033425197,106.76076951205852
963,1764,98,407,4,2,GOSAKURAMACHI-TENNNOU-SHINKI,104.13324468542328,104.47832347986126,105.48228671594798,106.75741128181204
964,1765,106,416,4,2,GOSAKURAMACHI-TENNNOU-SHINKI,104.13173111651781,104.46825619578259,105.46977834787381,106.75386452265087
965,1766,113,423,4,2,GOSAKURAMACHI-TENNNOU-SHINKI,104.13021754761236,104.45815774047549,105.45717501520605,106.7501278001784
966,1767,101,411,4,2,GOSAKURAMACHI-TENNNOU-SHINKI,104.12870397870691,104.44802811393994,105.44447650312102,106.74619967606344
967,1768,117,426,4,1,SADAHARU-KYOKI,104.12719040980146,104.43786731617597,105.43168259679531,106.74207870804076
968,1769,105,415,6,2,YANAGIHARA-KOREMITSU-NIKKI,104.12567684089599,104.42767534718355,105.41879308140537,106.73776344991205
969,1770,105,415,4,2,(SHIRYO-KOHON),104.12416327199054,104.4174522069627,105.40580774212755,106.73325245154484
970,1771,104,414,4,2,(SHIRYO-KOHON),104.12264970308509,104.4071978955134,105.39272636413848,106.7285442588722
971,1772,106,415,4,2,GOSAKURAMACHI-TENNNOU-SHINKI,104.12113613417964,104.39691241283568,105.37954873261451,106.72363741389364
972,1773,100,410,3,2,ZOKU-SHIGUSHO,104.11962256527417,104.38659575892952,105.36627463273213,106.71853045467486
973,1774,110,420,4,2,GOSAKURAMACHI-TENNNOU-SHINKI,104.11810899636872,104.3762479337949,105.35290384966778,106.71322191534813
974,1775,99,409,4,2,GOMOMOZONO-TENNNOU-SHINKI,104.11659542746327,104.36586893743187,105.33943616859804,106.70771032611168
975,1776,108,417,4,2,TERUYOSHI-KOKI,104.11508185855782,104.3554587698404,105.3258713746992,106.70199421322872
976,1777,104,414,3,1,MORIYAMA-TAKAMORI-NIKKI,104.11356828965236,104.34501743102047,105.31220925314787,106.69607209902853
977,1778,111,421,4,3,TERUYOSHI-KOKI,104.1120547207469,104.33454492097212,105.29844958912042,106.6899425019098
978,1779,96,406,4,2,MYOHOIN-HINAMIKI,104.11054115184145,104.32404123969533,105.28459216779343,106.6836039363339
979,1780,109,418,4,2,TERUYOSHI-KOKI,104.109027582936,104.3135063871901,105.27063677434319,106.67705491282749
980,1781,91,401,4,3,MYOHOIN-HINAMIKI,104.10751401403054,104.30294036345643,105.25658319394631,106.6702939379864
981,1782,109,419,4,2,TERUYOSHI-KOKI,104.10600044512508,104.29234316849434,105.2424312117792,106.66331951447245
982,1783,103,413,3,1,SUGIURAKE-NIKKI,104.10448687621962,104.2817148023038,105.22818061301837,106.65613014101126
983,1784,105,414,3,1,SUGIURAKE-NIKKI,104.10297330731417,104.27105526488482,105.21383118284017,106.64872431239422
984,1785,108,418,3,1,SUGIURAKE-NIKKI,104.10145973840872,104.26036455623739,105.19938270642115,106.64110051948268
985,1786,106,416,3,1,SUGIURAKE-NIKKI,104.09994616950326,104.24964267636155,105.1848349689378,106.63325724920179
986,1787,105,415,3,1,SUGIURAKE-NIKKI,104.0984326005978,104.23888962525726,105.17018775556654,106.62519298454089
987,1788,109,418,4,1,TERUYOSHI-KOKI,104.09691903169235,104.22810540292453,105.15544085148386,106.616906204558
988,1789,106,416,4,1,KOUKANSIYU-NIKKI,104.0954054627869,104.21729000936337,105.1405940418662,106.60839538437739
989,1790,119,429,4,2,SUGIURAKE-NIKKI,104.09389189388145,104.20644344457376,105.12564711189,106.5996589951879
990,1791,99,409,3,1,SUGIURAKE-NIKKI,104.09237832497598,104.19556570855573,105.11059984673179,106.5906955042446
991,1792,101,410,4,1,TERUYOSHI-KOKI,104.09086475607053,104.18465680130925,105.09545203156799,106.58150337486899
992,1793,106,416,4,2,TERUYOSHI-KOKI,104.08935118716508,104.17371672283434,105.08020345157509,106.57208106645038
993,1794,104,414,3,1,SUGIURAKE-NIKKI,104.08783761825963,104.16274547313098,105.06485389192952,106.56242703444269
994,1795,113,423,4,1,TERUYOSHI-KOKI,104.08632404935416,104.1517430521992,105.04940313780774,106.55253973036469
995,1796,103,412,4,2,SUGIURAKE-NIKKI,104.08481048044871,104.14070946003898,105.03385097438633,106.54241760180236
996,1797,97,407,4,2,TADAYOSHI-KOKI,104.08329691154326,104.1296446966503,105.01819718684159,106.53205909240836
997,1798,110,420,3,1,SUGIURAKE-NIKKI,104.0817833426378,104.11854876203321,105.00244156035008,106.52146264190247
998,1799,103,413,3,1,SUGIURAKE-NIKKI,104.08026977373234,104.10742165618767,104.98658388008823,106.51062668606818
999,1800,103,413,3,1,SUGIURAKE-NIKKI,104.07875620482689,104.0962633791137,104.97062393123254,106.49954965675471
1000,1801,105,415,3,1,SUGIURAKE-NIKKI,104.07724263592144,104.08507393081128,104.95456149895938,106.48822998188012
1001,1802,96,406,4,1,SUGIURAKE-NIKKI,104.07572906701598,104.07385331128043,104.93839636844532,106.47666608542721
1002,1803,110,420,3,1,SUGIURAKE-NIKKI,104.07421549811053,104.06260152052114,104.92212832486682,106.46485638744474
1003,1804,104,413,3,1,SUGIURAKE-NIKKI,104.07270192920507,104.05131855853341,104.90575715340029,106.45279930404723
1004,1805,93,403,3,1,SUGIURAKE-NIKKI,104.07118836029962,104.04000442531725,104.88928263922226,106.44049324741542
1005,1806,114,424,3,1,SUGIURAKE-NIKKI,104.06967479139416,104.02865912087265,104.87270456750912,106.42793662579908
1006,1807,116,426,3,1,SUGIURAKE-NIKKI,104.06816122248871,104.01728264519961,104.8560227234374,106.41512784350863
1007,1808,98,407,3,1,SUGIURAKE-NIKKI,104.06664765358325,104.00587499829814,104.83923689218351,106.40206530092388
1008,1809,107,417,3,1,SUGIURAKE-NIKKI,104.0651340846778,103.99443618016822,104.82234685892392,106.38874739449085
1009,1810,100,410,3,1,SUGIURAKE-NIKKI,104.06362051577234,103.98296619080988,104.80535240883515,106.37517251672267
1010,1811,110,420,3,1,SUGIURAKE-NIKKI,104.06210694686689,103.97146503022309,104.78825332709364,106.36133905619505
1011,1812,120,429,3,1,SUGIURAKE-NIKKI,104.06059337796142,103.95993269840787,104.77104939887577,106.34724539755308
1012,1813,107,417,4,2,SANEHISA-KYOKI,104.05907980905597,103.9483691953642,104.75374040935812,106.33288992150545
1013,1814,113,423,3,1,RAI-SANYO-NIPPU,104.05756624015052,103.9367745210921,104.73632614371708,106.3182710048282
1014,1815,111,421,4,1,SADANAKA-KYOKI,104.05605267124507,103.92514867559157,104.71880638712922,106.30338702036516
1015,1816,103,412,4,1,HARU-NO-NISHIKI,104.0545391023396,103.9134916588626,104.70118092477087,106.28823633702376
1016,1817,110,420,4,1,SADANAKA-KYOKI,104.05302553343415,103.90180347090518,104.68344954181852,106.27281731977695
1017,1818,106,416,4,1,HIRAMATSUKE-NIKKI,104.0515119645287,103.89008411171933,104.6656120234487,106.25712832966673
1018,1819,106,416,3,1,RAI-BAISHI-NIKKI,104.04999839562325,103.87833358130504,104.64766815483787,106.24116772380029
1019,1820,95,404,3,2,RAI-SANYO-NIPPU,104.0484848267178,103.86655187966232,104.62961772116245,106.22493385534966
1020,1821,109,419,4,2,SANEHISA-KYOKI,104.04697125781233,103.85473900679116,104.6114605075989,106.20842507355252
1021,1822,102,412,3,2,RAI-SANYO-NIPPU,104.04545768890688,103.84289496269156,104.59319629932374,106.19163972371422
1022,1823,106,416,3,2,RAI-SANYO-NIPPU,104.04394412000143,103.83101974736351,104.57482488151336,106.17457614720769
1023,1824,108,417,3,1,RAI-BAISHI-NIKKI,104.04243055109598,103.81911336080705,104.55634603934432,106.15723268146797
1024,1825,114,424,4,2,SANEHISA-KYOKI,104.04091698219051,103.80717580302213,104.537759557993,106.13960765999894
1025,1826,109,419,3,2,RAI-SANYO-NIPPU,104.03940341328506,103.79520707400879,104.51906522263592,106.12169941236954
1026,1827,100,410,3,2,RAI-BAISHI-NIKKI,104.0378898443796,103.78320717376701,104.50026281844944,106.10350626421683
1027,1828,113,422,3,2,RAI-SANYO-NIPPU,104.03637627547415,103.77117610229678,104.48135213061019,106.08502653724025
1028,1829,112,422,3,1,RAI-BAISHI-NIKKI,104.03486270656869,103.75911385959812,104.46233294429452,106.06625854920827
1029,1830,105,415,3,2,RAI-SANYO-NIPPU,104.03334913766324,103.74702044567103,104.4432050446789,106.04720061395409
1030,1831,114,424,3,2,RAI-SANYO-NIPPU,104.03183556875778,103.73489586051548,104.42396821693981,106.02785104137905
1031,1832,113,422,3,1,GAKUSUI-NIKKI,104.03032199985233,103.7227401041315,104.4046222462538,106.00820813744889
1032,1833,107,417,3,2,GAKUSUI-NIKKI,104.02880843094687,103.7105531765191,104.38516691779716,105.98827020419361
1033,1834,111,421,3,2,SUGIURAKE-NIKKI,104.02729486204142,103.69833507767825,104.36560201674645,105.96803553971318
1034,1835,112,422,3,2,SUGIURAKE-NIKKI,104.02578129313596,103.68608580760898,104.34592732827821,105.94750243817185
1035,1836,112,421,4,1,FUDEMAKASE,104.02426772423051,103.67380536631126,104.32614263756881,105.92666918980007
1036,1837,111,421,3,2,SUGIURAKE-NIKKI,104.02275415532506,103.66149375378508,104.30624772979469,105.90553408089255
1037,1838,109,419,3,2,SUGIURAKE-NIKKI,104.0212405864196,103.64915097003049,104.28624239013236,105.88409539381422
1038,1839,120,430,3,2,SUGIURAKE-NIKKI,104.01972701751414,103.63677701504744,104.26612640375836,105.86235140699335
1039,1840,105,414,3,2,SUGIURAKE-NIKKI,104.01821344860869,103.62437188883598,104.245899555849,105.84030039492444
1040,1841,107,417,3,2,KYOJIN-HOSSINNO-NIKKI,104.01669987970324,103.61193559139608,104.22556163158085,105.81794062816749
1041,1842,96,406,3,2,KYOJIN-HOSSINNO-NIKKI,104.01518631079777,103.59946812272773,104.20511241613033,105.79527037334987
1042,1843,106,416,4,1,SANEAKIRA-KYOKI,104.01367274189232,103.58696948283094,104.18455169467394,105.77228789316626
1043,1844,106,415,4,2,SANEAKIRA-KYOKI,104.01215917298687,103.57443967170572,104.16387925238811,105.74899144637465
1044,1845,102,412,4,2,SANEAKIRA-KYOKI,104.01064560408142,103.56187868935206,104.14309487444935,105.7253792878002
1045,1846,98,408,4,4,TEIEN-EISO,104.00913203517595,103.54928653576997,104.12219834603403,105.70144966833476
1046,1847,107,417,1,1,MADENOKOJI-NIKKI,104.0076184662705,103.53666321095943,104.10118945231874,105.67720083493595
1047,1848,102,411,3,2,MIAKE-SHONOSUKE-NIKKI,104.00610489736505,103.52400871492046,104.08006797847982,105.65263103062722
1048,1849,100,410,4,1,SANEAKIRA-KYOKI,104.0045913284596,103.51132304765305,104.05883370969387,105.62773849449894
1049,1850,109,419,3,1,SUGIURAKE-NIKKI,104.00307775955415,103.4986062091572,104.03748643113722,105.6025214617053
1050,1851,102,412,1,2,MADENOKOJI-NIKKI,104.00156419064868,103.48585819943293,104.01602592798642,105.5769781634711
1051,1852,113,422,4,1,SADANAKA-KYOKI,104.00005062174323,103.4730790184802,103.9944519854179,105.55110682708226
1052,1853,102,412,1,1,MADENOKOJI-NIKKI,103.99853705283778,103.46026866629904,103.97276438860814,105.52490567589331
1053,1854,102,412,3,2,TAKOYAKUSHI-MACHINIKKI,103.99702348393232,103.44742714288944,103.95096292273365,105.49837292932472
1054,1855,101,411,4,1,SADANAKA-KYOKI,103.99550991502686,103.43455444825142,103.92904737297077,105.4715068028633
1055,1856,111,420,7,1,TAKAGI-ZAICHU-NIKKI,103.9939963461214,103.42165058238494,103.90701752449611,105.44430550806163
1056,1857,108,418,4,1,HANA-NO-SHITABUSHI,103.99248277721595,103.40871554529002,103.884873162486,105.41676725253711
1057,1858,104,414,7,1,TAKAGI-ZAICHU-NIKKI,103.9909692083105,103.39574933696669,103.862614072117,105.38889023997598
1058,1859,110,420,3,2,NAKAYAMAISAKO-NIKKI,103.98945563940504,103.3827519574149,103.84024003856551,105.36067267012885
1059,1860,113,422,7,2,TAKAGI-ZAICHU-NIKKI,103.98794207049959,103.36972340663468,103.81775084700806,105.33211273881255
1060,1861,100,410,7,1,TAKAGI-ZAICHU-NIKKI,103.98642850159413,103.35666368462603,103.79514628262106,105.30320863790854
1061,1862,117,427,3,2,KOMEI-TENNOKI,103.98491493268868,103.34357279138892,103.77242613058102,105.27395855536776
1062,1863,118,428,4,4,YATAKA-SHU,103.98340136378323,103.3304507269234,103.74959017606437,105.24436067520554
1063,1864,105,414,1,1,MADENOKOJI-NIKKI,103.98188779487776,103.31729749122943,103.7266382042476,105.21441317750276
1064,1865,97,407,7,1,TAKAGI-ZAICHU-NIKKI,103.98037422597231,103.30411308430702,103.70357000030711,105.18411423840729
1065,1866,102,412,3,2,KOMEI-TENNOKI,103.97886065706686,103.29089750615617,103.68038534941947,105.1534620301307
1066,1867,101,411,4,2,OZAKITADAMASA-NIKKI,103.97734708816141,103.2776507567769,103.65708403676103,105.12245472095543
1067,1868,104,413,7,2,GAKKAI-NICHIROKU,103.97583351925594,103.26437283616917,103.63366584750834,105.09109047522583
1068,1869,105,415,7,2,TAKAGI-ZAICHU-NIKKI,103.97431995035049,103.25106374433301,103.61013056683785,105.05936745335481
1069,1870,99,409,7,1,TAKAGI-ZAICHU-NIKKI,103.97280638144504,103.23772348126843,103.58647797992602,105.02728381181856
1070,1871,104,414,7,1,TAKAGI-ZAICHU-NIKKI,103.97129281253959,103.22435204697538,103.56270787194931,104.99483770316243
1072,1873,104,414,7,2,HAYAMIKE-NIKKI,103.96826567472867,103.19751566470401,103.51481423350705,104.92885067499907
1073,1874,107,417,7,2,HAYAMIKE-NIKKI,103.96675210582322,103.18405071672566,103.49069027339442,104.89530604090868
1074,1875,103,413,7,2,HAYAMIKE-NIKKI,103.96523853691777,103.17055459751889,103.46644793292285,104.86139151053573
1075,1876,111,420,7,2,HAYAMIKE-NIKKI,103.9637249680123,103.15702730708367,103.44208699726863,104.82710521675625
1076,1877,104,414,3,1,SUGIURAKE-NIKKI,103.96221139910685,103.14346884542002,103.41760725160836,104.79244528850944
1077,1878,101,411,7,2,HAYAMIKE-NIKKI,103.9606978302014,103.12987921252792,103.39300848111843,104.75740985080193
1078,1879,102,412,3,2,SUGIURAKE-NIKKI,103.95918426129595,103.11625840840739,103.36829047097541,104.72199702470749
1079,1880,110,419,3,2,SUGIURAKE-NIKKI,103.9576706923905,103.10260643305841,103.34345300635557,104.68620492736494
1080,1881,112,422,3,1,UEKI-SHISEI-NIKKI,103.95615712348503,103.08892328648102,103.31849587243556,104.6500316719791
1081,1882,97,407,3,1,SUGIURAKE-NIKKI,103.95464355457958,103.07520896867517,103.29341885439176,104.61347536782233
1082,1883,107,417,3,2,SUGIURAKE-NIKKI,103.95312998567412,103.06146347964089,103.26822173740064,104.57653412022972
1083,1884,109,418,3,2,SUGIURAKE-NIKKI,103.95161641676867,103.04768681937817,103.24290430663869,104.539206030608
1084,1885,113,423,4,2,NEWS-PAPER(ARASHIYAMA),103.9501028478632,103.03387898788702,103.21746634728234,104.50148919642476
1085,1886,108,418,3,2,SUGIURAKE-NIKKI,103.94858927895775,103.02003998516743,103.19190764450815,104.4633817112155
1086,1887,109,419,4,2,NEWS-PAPER(ARASHIYAMA),103.9470757100523,103.0061698112194,103.16622798349239,104.42488166458276
1087,1888,107,416,4,0,NEWS-PAPER(ARASHIYAMA),103.94556214114685,102.99226846604293,103.14042714941172,104.38598714219455
1088,1889,109,419,4,0,NEWS-PAPER(ARASHIYAMA),103.94404857224139,102.97833594963802,103.11450492744251,104.34669622578525
1089,1890,98,408,4,0,UEKI-SHISEI-NIKKI,103.94253500333593,102.96437226200469,103.08846110276127,104.30700699315372
1090,1891,99,409,4,0,NEWS-PAPER(ARASHIYAMA),103.94102143443048,102.9503774031429,103.06229546054436,104.26691751816617
1091,1892,115,424,4,0,NEWS-PAPER(ARASHIYAMA),103.93950786552503,102.93635137305269,103.03600778596841,104.22642587075683
1092,1893,109,419,4,0,NEWS-PAPER(ARASHIYAMA),103.93799429661956,102.92229417173402,103.00959786420971,104.18553011692376
1093,1894,98,408,4,0,NEWS-PAPER(ARASHIYAMA),103.93648072771411,102.90820579918693,102.98306548044489,104.1442283187285
1095,1896,106,415,4,0,NEWS-PAPER(ARASHIYAMA),103.93345358990321,102.87993554040744,102.9296324676024,104.06039881784983
1096,1897,106,416,4,0,NEWS-PAPER(ARASHIYAMA),103.93194002099776,102.86575365417504,102.90273140887771,104.01786721962475
1097,1898,108,418,4,0,NEWS-PAPER(ARASHIYAMA),103.93042645209229,102.85154059671419,102.8757070288527,103.97492178595922
1098,1899,99,409,4,0,NEWS-PAPER(ARASHIYAMA),103.92891288318684,102.83729636802491,102.8485591127038,103.93156055924686
1099,1900,102,412,4,0,NEWS-PAPER(ARASHIYAMA),103.92739931428139,102.8230209681072,102.82128744560745,103.88778157795213
1100,1901,102,412,4,0,NEWS-PAPER(ARASHIYAMA),103.92588574537594,102.80871439696105,102.79389181274024,103.84358287659944
1101,1902,98,408,4,0,KYOTO-TETUDO-KANRIKYOKU ADV(ARASHIYAMA),103.92437217647047,102.79437665458644,102.76637199927848,103.79896248578297
1102,1903,99,409,4,0,NEWS-PAPER(ARASHIYAMA),103.92285860756502,102.78000774098342,102.73872779039871,103.75391843216272
1103,1904,108,417,4,0,NEWS-PAPER(ARASHIYAMA),103.92134503865957,102.76560765615196,102.71095897127738,103.70844873846369
1104,1905,105,415,4,0,NEWS-PAPER(ARASHIYAMA),103.91983146975412,102.75117640009205,102.68306532709097,103.66255142347876
1105,1906,105,415,4,0,KYOTO-TETUDO-KANRIKYOKU ADV(ARASHIYAMA),103.91831790084865,102.73671397280371,102.65504664301594,103.61622450206465
1106,1907,103,413,4,0,KYOTO-TETUDO-KANRIKYOKU ADV(ARASHIYAMA),103.9168043319432,102.72222037428693,102.62690270422875,103.5694659851452
1107,1908,102,411,4,0,TETUDOUIN AVD(ARASHIYAMA),103.91529076303775,102.70769560454171,102.59863329590586,103.52227387971169
1108,1909,108,418,4,0,TETUDOUIN AVD(ARASHIYAMA),103.9137771941323,102.69313966356806,102.57023820322375,103.4746461888198
1109,1910,104,414,4,0,TETUDOUIN AVD(ARASHIYAMA),103.91226362522684,102.67855255136598,102.54171721135882,103.42658091159018
1110,1911,98,408,4,0,ARASHIYAMA-TETSUDO ADV(ARASHIYAMA),103.91075005632138,102.66393426793545,102.51307010548764,103.3780760432133
1111,1912,105,414,4,0,TETUDOUIN AVD(ARASHIYAMA),103.90923648741592,102.64928481327648,102.48429667078656,103.32912957494324
1112,1913,103,413,4,0,SEIBU-TETSUDO-KANRIKYOKU ADV(ARASHIYAMA),103.90772291851047,102.63460418738907,102.45539669243215,103.2797394940996
1113,1914,102,412,4,0,KOBE-TETSUDO-KANRIKYOKU ADV(ARASHIYAMA),103.90620934960502,102.61989239027324,102.42636995560079,103.22990378406968
1114,1915,102,412,4,0,NEWS-PAPER(ARASHIYAMA),103.90469578069956,102.60514942192896,102.39721624546907,103.17962042430605
1115,1916,112,421,4,0,SEIBU-TETSUDO-KANRIKYOKU ADV(ARASHIYAMA),103.9031822117941,102.59037528235623,102.36793534721329,103.1288873903282
1116,1917,103,413,4,0,NEWS-PAPER(ARASHIYAMA),103.90166864288865,102.5755699715551,102.33852704600997,103.07770265372147
1117,1918,104,414,4,0,SEKI-HAJIME-NIKKI,103.9001550739832,102.5607334895255,102.30899112703568,103.02606418213571
1119,1920,104,413,4,0,NEWS-PAPER(ARASHIYAMA),103.89712793617228,102.530967011781,102.24953557647969,102.92141788496286
1121,1922,101,411,4,0,KAJII-MOTOJIRO-SHOKAN,103.89410079836138,102.50107584912277,102.18956697695712,102.81493216134373
1122,1923,97,407,4,0,NEWS-PAPER(ARASHIYAMA),103.89258722945593,102.48608351095099,102.1593897467745,102.76099439194644
1123,1924,111,420,4,0,MITAMURA-ENGYO-NIKKI(ARASHIYAMA),103.89107366055046,102.47106000155078,102.12908360987961,102.70659061086423
1124,1925,108,418,4,0,KEIHAN RAILWAY ADV(ARASHIYAMA),103.88956009164501,102.45600532092212,102.09864835144892,102.65171875821414
1125,1926,108,418,4,0,KEIHAN RAILWAY ADV(ARASHIYAMA),103.88804652273956,102.44091946906504,102.06808375665891,102.59637677017434
1126,1927,107,417,4,0,KEIHAN RAILWAY ADV(ARASHIYAMA),103.8865329538341,102.42580244597951,102.03738961068595,102.54056257899009
1127,1928,107,416,4,0,KEIHAN RAILWAY ADV(ARASHIYAMA),103.88501938492864,102.41065425166555,102.00656569870667,102.48427411297422
1128,1929,103,413,4,0,SHIN-KEIHAN RAILWAY ADV(ARASHIYAMA),103.88350581602319,102.39547488612314,101.97561180589737,102.4275092965052
1129,1930,95,405,4,0,SHIN-KEIHAN RAILWAY ADV(ARASHIYAMA),103.88199224711774,102.3802643493523,101.94452771743468,102.37026605002865
1130,1931,105,415,4,0,NEWS-PAPER(ARASHIYAMA),103.88047867821228,102.36502264135302,101.91331321849489,102.31254229005293
1131,1932,105,414,4,0,KEIHAN RAILWAY ADV(ARASHIYAMA),103.87896510930682,102.34974976212531,101.88196809425465,102.25433592915539
1132,1933,106,416,3,0,NEWS-PAPER(ARASHIYAMA),103.87745154040137,102.33444571166916,101.85049212989024,102.19564487597978
1133,1934,104,414,4,0,NEWS-PAPER(ARASHIYAMA),103.87593797149592,102.31911048998458,101.8188851105782,102.13646703523335
1134,1935,102,412,3,0,NHK(ARASHIYAMA),103.87442440259046,102.30374409707156,101.78714682149506,102.07680030769171
1135,1936,111,420,3,0,NHK(ARASHIYAMA),103.872910833685,102.28834653293009,101.75527704781722,102.01664259019611
1136,1937,100,410,4,0,NEWS-PAPER(ARASHIYAMA),103.87139726477955,102.27291779756018,101.72327557472113,101.95599177565401
1137,1938,98,408,4,0,KEIHAN RAILWAY ADV(ARASHIYAMA),103.8698836958741,102.25745789096186,101.69114218738326,101.89484575303817
1138,1939,104,414,4,0,KEIHAN RAILWAY ADV(ARASHIYAMA),103.86837012696864,102.24196681313506,101.65887667098016,101.83320240738652
1139,1940,110,419,4,0,KEIHAN RAILWAY ADV(ARASHIYAMA),103.86685655806319,102.22644456407986,101.62647881068817,101.77105961980652
1140,1941,100,410,4,0,KEIHAN RAILWAY ADV(ARASHIYAMA),103.86534298915772,102.21089114379622,101.59394839168382,101.70841526747034
1141,1942,96,406,7,0,ASADA-TAKASHI-NIKKI,103.86382942025227,102.19530655228412,101.56128519914357,101.64526722361319
1142,1943,101,411,7,0,ASADA-TAKASHI-NIKKI,103.86231585134682,102.1796907895436,101.52848901824389,101.58161335754
1143,1944,100,409,7,0,ASADA-TAKASHI-NIKKI,103.86080228244137,102.16404385557463,101.49555963416121,101.51745153462133
1145,1946,97,407,4,0,NEWS-PAPER(ARASHIYAMA),103.85777514463045,102.1326564739514,101.42930039715279,101.38759546005639
1146,1947,107,417,4,0,NEWS-PAPER(ARASHIYAMA),103.856261575725,102.11691602629713,101.39597011458001,101.32189691947957
1147,1948,102,411,4,0,NEWS-PAPER(ARASHIYAMA),103.85474800681955,102.10114440741441,101.36250576953009,101.25568184419689
1148,1949,107,417,4,0,NEWS-PAPER(ARASHIYAMA),103.85323443791408,102.08534161730327,101.32890714717945,101.18894807990984
1149,1950,99,409,4,0,NEWS-PAPET(DAIGO-JI),103.85172086900863,102.06950765596368,101.29517403270475,101.12169346838465
1150,1951,98,408,4,0,NEWS-PAPER(ARASHIYAMA),103.85020730010318,102.05364252339565,101.2613062112822,101.05391584745342
1151,1952,105,414,3,0,NEWS-PAPER(ARASHIYAMA),103.84869373119773,102.03774621959919,101.22730346808848,100.98561305101367
1152,1953,101,411,3,0,NEWS-PAPER(ARASHIYAMA),103.84718016229226,102.02181874457429,101.19316558829993,100.91678290903309
1153,1954,98,408,3,0,NEWS-PAPER(ARASHIYAMA),103.84566659338681,102.00586009832095,101.15889235709304,100.8474232475416
1154,1955,97,407,3,0,NEWS-PAPER(ARASHIYAMA),103.84415302448136,101.98987028083918,101.12448355964429,100.77753188863454
1155,1956,99,408,3,0,NEWS-PAPER(ARASHIYAMA),103.8426394555759,101.97384929212896,101.08993898113013,100.70710665047596
1156,1957,103,413,3,0,NEWS-PAPER(ARASHIYAMA),103.84112588667045,101.95779713219032,101.05525840672708,100.6361453472968
1157,1958,99,409,3,0,NEWS-PAPER(ARASHIYAMA),103.83961231776499,101.94171380102324,101.02044162161151,100.56464578939102
1158,1959,92,402,3,0,NEWS-PAPER(ARASHIYAMA),103.83809874885954,101.9255992986277,100.98548841095992,100.49260578311868
1159,1960,95,404,3,0,NEWS-PAPER(ARASHIYAMA),103.83658517995408,101.90945362500375,100.95039855994881,100.42002313090956
1160,1961,99,409,3,0,NEWS-PAPER(ARASHIYAMA),103.83507161104863,101.89327678015135,100.9151718537546,100.34689563125727
1161,1962,102,412,3,0,NEWS-PAPER(ARASHIYAMA),103.83355804214317,101.87706876407051,100.87980807755382,100.27322107872129
1162,1963,101,411,3,0,NEWS-PAPER(ARASHIYAMA),103.83204447323772,101.86082957676123,100.84430701652285,100.1989972639264
1163,1964,99,408,3,0,NEWS-PAPER(ARASHIYAMA),103.83053090433226,101.84455921822354,100.80866845583823,100.12422197356483
1164,1965,110,420,3,0,NEWS-PAPER(ARASHIYAMA),103.82901733542681,101.82825768845738,100.77289218067637,100.04889299039672
1165,1966,97,407,3,0,NEWS-PAPER(ARASHIYAMA),103.82750376652135,101.8119249874628,100.73697797621367,99.9730080932448
1166,1967,97,407,3,0,NEWS-PAPER(ARASHIYAMA),103.8259901976159,101.79556111523976,100.70092562762682,99.89656505699901
1167,1968,99,408,3,0,NEWS-PAPER(ARASHIYAMA),103.82447662871044,101.77916607178831,100.664734920092,99.81956165261562
1168,1969,101,411,3,0,NEWS-PAPER(ARASHIYAMA),103.82296305980499,101.76273985710841,100.62840563878596,99.7419956471187
1169,1970,107,417,3,0,NEWS-PAPER(ARASHIYAMA),103.82144949089954,101.74628247120008,100.5919375688849,99.66386480359625
1170,1971,98,408,3,0,NEWS-PAPER(ARASHIYAMA),103.81993592199407,101.72979391406331,100.55533049556549,99.58516688120272
1171,1972,99,408,3,0,NEWS-PAPER(ARASHIYAMA),103.81842235308862,101.7132741856981,100.51858420400407,99.50589963515887
1172,1973,97,407,3,0,NEWS-PAPER(ARASHIYAMA),103.81690878418317,101.69672328610444,100.48169847937714,99.42606081675086
1173,1974,99,409,3,0,NEWS-PAPER(ARASHIYAMA),103.81539521527772,101.68014121528236,100.44467310686119,99.34564817333381
1174,1975,100,410,3,0,NEWS-PAPER(ARASHIYAMA),103.81388164637225,101.66352797323185,100.40750787163265,99.2646594483262
1175,1976,99,408,3,0,NEWS-PAPER(ARASHIYAMA),103.8123680774668,101.64688355995288,100.37020255886796,99.1830923812118
1176,1977,93,403,3,0,NEWS-PAPER(ARASHIYAMA),103.81085450856135,101.63020797544549,100.33275695374373,99.10094470754262
1177,1978,104,414,3,0,NEWS-PAPER(ARASHIYAMA),103.8093409396559,101.61350121970966,100.29517084143622,99.01821415893806
1178,1979,97,407,3,0,NEWS-PAPER(ARASHIYAMA),103.80782737075043,101.59676329274538,100.25744400712203,98.9348984630812
1179,1980,102,411,3,0,NEWS-PAPER(ARASHIYAMA),103.80631380184498,101.57999419455267,100.21957623597756,98.85099534371881
1180,1981,99,409,3,0,NEWS-PAPER(ARASHIYAMA),103.80480023293953,101.56319392513153,100.18156731317933,98.76650252066912
1181,1982,93,403,3,0,NEWS-PAPER(ARASHIYAMA),103.80328666403408,101.54636248448193,100.14341702390375,98.68141770981521
1182,1983,99,409,3,0,NEWS-PAPER(ARASHIYAMA),103.80177309512862,101.52949987260392,100.1051251533273,98.59573862310339
1183,1984,109,418,3,0,NEWS-PAPER(ARASHIYAMA),103.80025952622316,101.51260608949747,100.06669148662647,98.50946296854676
1184,1985,99,409,3,0,NEWS-PAPER(ARASHIYAMA),103.7987459573177,101.49568113516256,100.02811580897769,98.42258845022724
1185,1986,102,412,3,0,NEWS-PAPER(ARASHIYAMA),103.79723238841225,101.47872500959923,99.98939790555748,98.3351127682916
1186,1987,95,405,3,0,NEWS-PAPER(ARASHIYAMA),103.7957188195068,101.46173771280746,99.95053756154223,98.24703361895087
1187,1988,106,415,3,0,NEWS-PAPER(ARASHIYAMA),103.79420525060134,101.44471924478725,99.91153456210849,98.15834869448378
1188,1989,93,403,3,0,NEWS-PAPER(ARASHIYAMA),103.79269168169589,101.42766960553861,99.87238869243264,98.06905568323572
1189,1990,88,329,3,0,NEWS-PAPER(ARASHIYAMA),103.79117811279043,101.41058879506153,99.83309973769121,97.97915226961806
1190,1991,97,407,4,0,NEWS-PAPER(ARASHIYAMA),103.78966454388498,101.393476813356,99.79366748306057,97.88863613410666
1191,1992,94,403,4,0,NEWS-PAPER(ARASHIYAMA),103.78815097497952,101.37633366042205,99.75409171371733,97.79750495324453
1192,1993,97,407,4,0,NEWS-PAPER(ARASHIYAMA),103.78663740607406,101.35915933625965,99.71437221483781,97.70575639963926
1193,1994,99,409,4,0,NEWS-PAPER(ARASHIYAMA),103.78512383716861,101.34195384086883,99.67450877159861,97.61338814197035
1194,1995,99,409,4,0,NEWS-PAPER(ARASHIYAMA),103.78361026826316,101.32471717424954,99.63450116917605,97.52039784497532
1195,1996,103,412,4,0,NEWS-PAPER(ARASHIYAMA),103.7820966993577,101.30744933640185,99.59434919274675,97.42678316946211
1196,1997,97,407,4,0,NEWS-PAPER(ARASHIYAMA),103.78058313045224,101.29015032732569,99.55405262748701,97.33254177230555
1197,1998,91,401,4,0,NEWS-PAPER(ARASHIYAMA),103.77906956154679,101.27282014702112,99.5136112585734,97.23767130644393
1198,1999,94,404,4,0,NEWS-PAPER(ARASHIYAMA),103.77755599264134,101.2554587954881,99.47302487118236,97.14216942088541
1199,2000,100,409,4,0,NEWS-PAPER(ARASHIYAMA),103.77604242373589,101.23806627272663,99.43229325049033,97.04603376069787
1200,2001,96,406,4,0,NEWS-PAPER(ARASHIYAMA),103.77452885483042,101.22064257873674,99.39141618167382,96.94926196702176
1201,2002,91,401,4,0,NEWS-PAPER(ARASHIYAMA),103.77301528592497,101.2031877135184,99.35039344990926,96.85185167706214
1202,2003,98,408,4,0,NEWS-PAPER(ARASHIYAMA),103.77150171701952,101.18570167707165,99.3092248403732,96.7538005240869
1203,2004,92,401,4,0,NEWS-PAPER(ARASHIYAMA),103.76998814811407,101.16818446939644,99.26791013824197,96.6551061374335
1204,2005,99,409,4,0,NEWS-PAPER(ARASHIYAMA),103.7684745792086,101.15063609049278,99.22644912869214,96.55576614250316
1205,2006,98,408,5,0,NEWS-PAPER(ARASHIYAMA),103.76696101030315,101.1330565403607,99.1848415969001,96.45577816076644
1206,2007,97,407,5,0,NEWS-PAPER(ARASHIYAMA),103.7654474413977,101.11544581900019,99.14308732804237,96.35513980975628
1207,2008,95,404,6,0,NEWS-PAPER(ARASHIYAMA),103.76393387249225,101.09780392641123,99.10118610729532,96.25384870307352
1208,2009,95,405,6,0,NEWS-PAPER(ARASHIYAMA),103.76242030358678,101.08013086259383,99.05913771983558,96.15190245038485
1209,2010,95,405,7,0,NEWS-PAPER(ARASHIYAMA),103.76090673468133,101.062426627548,99.01694195083948,96.04929865742514
1210,2011,99,409,8,0,NEWS-PAPER(ARASHIYAMA),103.75939316577588,101.04469122127375,98.97459858548356,95.94603492599168
1211,2012,101,410,8,0,NEWS-PAPER(ARASHIYAMA),103.75787959687042,101.02692464377103,98.93210740894418,95.84210885394822
1212,2013,93,403,8,0,NEWS-PAPER(ARASHIYAMA),103.75636602796496,101.00912689503988,98.88946820639791,95.73751803522833
1213,2014,94,404,8,0,NEWS-PAPER(ARASHIYAMA),103.7548524590595,100.9912979750803,98.8466807630212,95.63226005982864
1214,2015,93,403,8,0,NEWS-PAPER(ARASHIYAMA),103.75333889015405,100.97343788389229,98.80374486399042,95.5263325138124
1215,2016,95,404,8,0,NEWS-PAPER(ARASHIYAMA),103.7518253212486,100.95554662147583,98.76066029448218,95.41973297930878
1216,2017,99,409,8,0,NEWS-PAPER(ARASHIYAMA),103.75031175234315,100.93762418783093,98.71742683967281,95.31245903451435
1217,2018,89,330,8,0,NEWS-PAPER(ARASHIYAMA),103.74879818343769,100.91967058295761,98.67404428473891,95.20450825369034
1218,2019,95,405,8,0,NEWS-PAPER(ARASHIYAMA),103.74728461453223,100.90168580685584,98.63051241485681,95.09587820716462
1219,2020,92,401,8,0,NEWS-PAPER(ARASHIYAMA),103.74577104562678,100.88366985952564,98.58683101520312,94.98656646133117
1220,2021,85,326,8,0,NEWS-PAPER(ARASHIYAMA),103.74425747672133,100.865622740967,98.54299987095412,94.87657057864993
